"binary_mask",cidr,"cidr_address",city,country,lat,lon,network,"physical_address",priority,remarks,segment,"subnet_mask","usable_hosts",zone
"11111111.11111111.11111111.11111111","/32","10.8.33.12/32",Plano,"United States","33.0742362","-96.811603","10.8.33.12","5360 Legacy Place",Medium,,"TX Server Farms","255.255.255.255","-1",TX
"11111111.11111111.11111111.11111111","/32","10.8.33.13/32",Plano,"United States","33.0742362","-96.811603","10.8.33.13","5360 Legacy Place",Medium,,"TX Server Farms","255.255.255.255","-1",TX
"11111111.11111111.11111111.11111100","/30","10.50.136.192/30","San Francisco","United States","37.7830522","-122.3932187","10.50.136.192","250 Brannan",Medium,,"HQ BACKBONE","255.255.255.252",2,HQ
"11111111.11111111.11111111.11111100","/30","10.51.127.28/30",McLean,"United States","38.9195157","-77.2195776","10.51.127.28","7900 Tysons One Place",Medium,,"DC Server Farms","255.255.255.252",2,DC
"11111111.11111111.11111111.11111100","/30","10.51.255.4/30",McLean,"United States","38.9195157","-77.2195776","10.51.255.4","7900 Tysons One Place",Medium,,"DC Server Farms","255.255.255.252",2,DC
"11111111.11111111.11111111.11111100","/30","10.8.62.0/30",Plano,"United States","33.0742362","-96.811603","10.8.62.0","5360 Legacy Place",Medium,,"TX Server Farms","255.255.255.252",2,TX
"11111111.11111111.11111111.11000000","/26","10.52.25.0/26",McLean,"United States","38.9195157","-77.2195776","10.52.25.0","7900 Tysons One Place",Medium,,"DC BACKBONE","255.255.255.192",62,DC
"11111111.11111111.11111111.11000000","/26","10.9.74.0/26",Plano,"United States","33.0742362","-96.811603","10.9.74.0","5360 Legacy Place",Medium,,"TX BACKBONE","255.255.255.192",62,TX
"11111111.11111111.11111111.11000000","/26","10.9.79.0/26",Plano,"United States","33.0742362","-96.811603","10.9.79.0","5360 Legacy Place",Medium,,"TX BACKBONE","255.255.255.192",62,TX
"11111111.11111111.11111111.10000000","/25","10.51.225.0/25",McLean,"United States","38.9195157","-77.2195776","10.51.225.0","7900 Tysons One Place",Medium,,"DC BACKBONE","255.255.255.128",126,DC
"11111111.11111111.11111111.10000000","/25","10.9.225.0/25",Plano,"United States","33.0742362","-96.811603","10.9.225.0","5360 Legacy Place",Medium,,"TX BACKBONE","255.255.255.128",126,TX
"11111111.11111111.11111111.00000000","/24","10.1.1.0/24","San Francisco","United States","33.0742362","-96.811603","10.1.1.0","5360 Legacy Place",Medium,,"TX Server Farms","255.255.255.0",254,TX
"11111111.11111111.11111111.00000000","/24","10.1.2.0/24","San Francisco","United States","33.0742362","-96.811603","10.1.2.0","5360 Legacy Place",Medium,,"TX Server Farms","255.255.255.0",254,TX
"11111111.11111111.11111111.00000000","/24","10.24.110.0/24","San Francisco","United States","33.0742362","-96.811603","10.24.110.0","5360 Legacy Place",Critical,,"mgmt interfaces for switches","255.255.255.0",254,TX
"11111111.11111111.11111111.00000000","/24","10.50.10.0/24","San Francisco","United States","37.7830522","-122.3932187","10.50.10.0","250 Brannan",High,,"SSL VPN","255.255.255.0",254,HQ
"11111111.11111111.11111111.00000000","/24","10.50.11.0/24","San Francisco","United States","37.7830522","-122.3932187","10.50.11.0","250 Brannan",High,,"SSL VPN","255.255.255.0",254,HQ
"11111111.11111111.11111111.00000000","/24","10.50.126.0/24","San Francisco","United States","37.7830522","-122.3932187","10.50.126.0","250 Brannan",Medium,,"HQ BACKBONE","255.255.255.0",254,HQ
"11111111.11111111.11111111.00000000","/24","10.50.127.0/24","San Francisco","United States","37.7830522","-122.3932187","10.50.127.0","250 Brannan",Medium,,"HQ BACKBONE","255.255.255.0",254,HQ
"11111111.11111111.11111111.00000000","/24","10.50.128.0/24","San Francisco","United States","37.7830522","-122.3932187","10.50.128.0","250 Brannan",Medium,,"HQ BACKBONE","255.255.255.0",254,HQ
"11111111.11111111.11111111.00000000","/24","10.50.129.0/24","San Francisco","United States","37.7830522","-122.3932187","10.50.129.0","250 Brannan",Medium,,"HQ BACKBONE","255.255.255.0",254,HQ
"11111111.11111111.11111111.00000000","/24","10.50.130.0/24","San Francisco","United States","37.7830522","-122.3932187","10.50.130.0","250 Brannan",Medium,,"HQ BACKBONE","255.255.255.0",254,HQ
"11111111.11111111.11111111.00000000","/24","10.50.131.0/24","San Francisco","United States","37.7830522","-122.3932187","10.50.131.0","250 Brannan",Medium,,"HQ BACKBONE","255.255.255.0",254,HQ
"11111111.11111111.11111111.00000000","/24","10.50.132.0/24","San Francisco","United States","37.7830522","-122.3932187","10.50.132.0","250 Brannan",Medium,,"HQ BACKBONE","255.255.255.0",254,HQ
"11111111.11111111.11111111.00000000","/24","10.50.133.0/24","San Francisco","United States","37.7830522","-122.3932187","10.50.133.0","250 Brannan",Medium,,"HQ BACKBONE","255.255.255.0",254,HQ
"11111111.11111111.11111111.00000000","/24","10.50.18.0/24","San Francisco","United States","37.7830522","-122.3932187","10.50.18.0","250 Brannan",Low,,DMZ,"255.255.255.0",254,HQ
"11111111.11111111.11111111.00000000","/24","10.50.19.0/24","San Francisco","United States","37.7830522","-122.3932187","10.50.19.0","250 Brannan",Low,,DMZ,"255.255.255.0",254,HQ
"11111111.11111111.11111111.00000000","/24","10.50.24.0/24","San Francisco","United States","37.7830522","-122.3932187","10.50.24.0","250 Brannan",Medium,,"HQ Server Farms","255.255.255.0",254,HQ
"11111111.11111111.11111111.00000000","/24","10.50.25.0/24","San Francisco","United States","37.7830522","-122.3932187","10.50.25.0","250 Brannan",Medium,,"HQ Server Farms","255.255.255.0",254,HQ
"11111111.11111111.11111111.00000000","/24","10.50.48.0/24","San Francisco","United States","37.7830522","-122.3932187","10.50.48.0","250 Brannan",Medium,,"HQ Server Farms","255.255.255.0",254,HQ
"11111111.11111111.11111111.00000000","/24","10.50.49.0/24","San Francisco","United States","37.7830522","-122.3932187","10.50.49.0","250 Brannan",Medium,,"HQ Server Farms","255.255.255.0",254,HQ
"11111111.11111111.11111111.00000000","/24","10.50.54.0/24","San Francisco","United States","37.7830522","-122.3932187","10.50.54.0","250 Brannan",Medium,,"HQ Server Farms","255.255.255.0",254,HQ
"11111111.11111111.11111111.00000000","/24","10.50.55.0/24","San Francisco","United States","37.7830522","-122.3932187","10.50.55.0","250 Brannan",Medium,,"HQ Server Farms","255.255.255.0",254,HQ
"11111111.11111111.11111111.00000000","/24","10.50.60.0/24","San Francisco","United States","37.7830522","-122.3932187","10.50.60.0","250 Brannan",Medium,,"HQ Server Farms","255.255.255.0",254,HQ
"11111111.11111111.11111111.00000000","/24","10.50.61.0/24","San Francisco","United States","37.7830522","-122.3932187","10.50.61.0","250 Brannan",Medium,,"HQ Server Farms","255.255.255.0",254,HQ
"11111111.11111111.11111111.00000000","/24","10.50.72.0/24","San Francisco","United States","37.7830522","-122.3932187","10.50.72.0","250 Brannan",Medium,,"HQ Server Farms","255.255.255.0",254,HQ
"11111111.11111111.11111111.00000000","/24","10.50.73.0/24","San Francisco","United States","37.7830522","-122.3932187","10.50.73.0","250 Brannan",Medium,,"HQ Server Farms","255.255.255.0",254,HQ
"11111111.11111111.11111111.00000000","/24","10.50.74.0/24","San Francisco","United States","37.7830522","-122.3932187","10.50.74.0","250 Brannan",Medium,,"HQ Server Farms","255.255.255.0",254,HQ
"11111111.11111111.11111111.00000000","/24","10.50.75.0/24","San Francisco","United States","37.7830522","-122.3932187","10.50.75.0","250 Brannan",Medium,,"HQ Server Farms","255.255.255.0",254,HQ
"11111111.11111111.11111111.00000000","/24","10.50.76.0/24","San Francisco","United States","37.7830522","-122.3932187","10.50.76.0","250 Brannan",Medium,,"HQ BACKBONE","255.255.255.0",254,HQ
"11111111.11111111.11111111.00000000","/24","10.50.78.0/24","San Francisco","United States","37.7830522","-122.3932187","10.50.78.0","250 Brannan",Medium,,"HQ BACKBONE","255.255.255.0",254,HQ
"11111111.11111111.11111111.00000000","/24","10.50.79.0/24","San Francisco","United States","37.7830522","-122.3932187","10.50.79.0","250 Brannan",Medium,,"HQ BACKBONE","255.255.255.0",254,HQ
"11111111.11111111.11111111.00000000","/24","10.50.90.0/24","San Francisco","United States","37.7830522","-122.3932187","10.50.90.0","250 Brannan",Medium,,"HQ BACKBONE","255.255.255.0",254,HQ
"11111111.11111111.11111111.00000000","/24","10.50.91.0/24","San Francisco","United States","37.7830522","-122.3932187","10.50.91.0","250 Brannan",Medium,,"HQ BACKBONE","255.255.255.0",254,HQ
"11111111.11111111.11111111.00000000","/24","10.50.96.0/24",McLean,"United States","37.7830522","-122.3932187","10.50.96.0","250 Brannan",Medium,,"HQ BACKBONE","255.255.255.0",254,HQ
"11111111.11111111.11111111.00000000","/24","10.50.97.0/24",McLean,"United States","37.7830522","-122.3932187","10.50.97.0","250 Brannan",Medium,,"HQ BACKBONE","255.255.255.0",254,HQ
"11111111.11111111.11111111.00000000","/24","10.50.99.0/24",McLean,"United States","37.7830522","-122.3932187","10.50.99.0","250 Brannan",Medium,,"HQ BACKBONE","255.255.255.0",254,HQ
"11111111.11111111.11111111.00000000","/24","10.51.54.0/24",McLean,"United States","38.9195157","-77.2195776","10.51.54.0","7900 Tysons One Place",Medium,,"DC Server Farms","255.255.255.0",254,DC
"11111111.11111111.11111111.00000000","/24","10.51.98.53/24",McLean,"United States","38.9195157","-77.2195776","10.51.98.53","7900 Tysons One Place",Medium,,"DC Server Farms","255.255.255.0",254,DC
"11111111.11111111.11111111.00000000","/24","10.52.1.0/24",McLean,"United States","38.9195157","-77.2195776","10.52.1.0","7900 Tysons One Place",Medium,,"DC Server Farms","255.255.255.0",254,DC
"11111111.11111111.11111111.00000000","/24","10.52.1.103/24",McLean,"United States","38.9195157","-77.2195776","10.52.1.103","7900 Tysons One Place",Medium,,"DC Server Farms","255.255.255.0",254,DC
"11111111.11111111.11111111.00000000","/24","10.52.1.94/24",McLean,"United States","38.9195157","-77.2195776","10.52.1.94","7900 Tysons One Place",Medium,,"DC Server Farms","255.255.255.0",254,DC
"11111111.11111111.11111111.00000000","/24","10.52.11.0/24",McLean,"United States","38.9195157","-77.2195776","10.52.11.0","7900 Tysons One Place",Medium,,"DC BACKBONE","255.255.255.0",254,DC
"11111111.11111111.11111111.00000000","/24","10.52.14.0/24",McLean,"United States","38.9195157","-77.2195776","10.52.14.0","7900 Tysons One Place",Medium,,"DC BACKBONE","255.255.255.0",254,DC
"11111111.11111111.11111111.00000000","/24","10.52.16.0/24",McLean,"United States","38.9195157","-77.2195776","10.52.16.0","7900 Tysons One Place",Medium,,"DC BACKBONE","255.255.255.0",254,DC
"11111111.11111111.11111111.00000000","/24","10.52.17.0/24",McLean,"United States","38.9195157","-77.2195776","10.52.17.0","7900 Tysons One Place",Medium,,"DC BACKBONE","255.255.255.0",254,DC
"11111111.11111111.11111111.00000000","/24","10.52.18.0/24",McLean,"United States","38.9195157","-77.2195776","10.52.18.0","7900 Tysons One Place",Medium,,"DC BACKBONE","255.255.255.0",254,DC
"11111111.11111111.11111111.00000000","/24","10.52.2.0/24",McLean,"United States","38.9195157","-77.2195776","10.52.2.0","7900 Tysons One Place",Medium,,"DC Server Farms","255.255.255.0",254,DC
"11111111.11111111.11111111.00000000","/24","10.52.20.0/24",McLean,"United States","38.9195157","-77.2195776","10.52.20.0","7900 Tysons One Place",Medium,,"DC BACKBONE","255.255.255.0",254,DC
"11111111.11111111.11111111.00000000","/24","10.52.24.0/24",McLean,"United States","38.9195157","-77.2195776","10.52.24.0","7900 Tysons One Place",Medium,,"DC BACKBONE","255.255.255.0",254,DC
"11111111.11111111.11111111.00000000","/24","10.52.27.0/24",McLean,"United States","38.9195157","-77.2195776","10.52.27.0","7900 Tysons One Place",Medium,,"DC BACKBONE","255.255.255.0",254,DC
"11111111.11111111.11111111.00000000","/24","10.52.3.0/24",McLean,"United States","38.9195157","-77.2195776","10.52.3.0","7900 Tysons One Place",Medium,,"DC Server Farms","255.255.255.0",254,DC
"11111111.11111111.11111111.00000000","/24","10.52.4.0/24",McLean,"United States","38.9195157","-77.2195776","10.52.4.0","7900 Tysons One Place",Medium,,"DC BACKBONE","255.255.255.0",254,DC
"11111111.11111111.11111111.00000000","/24","10.52.50.0/24",McLean,"United States","38.9195157","-77.2195776","10.52.50.0","7900 Tysons One Place",Critical,,"mgmt interfaces for switches","255.255.255.0",254,DC
"11111111.11111111.11111111.00000000","/24","10.52.7.0/24",Plano,"United States","38.9195157","-77.2195776","10.52.7.0","7900 Tysons One Place",Medium,,"DC BACKBONE","255.255.255.0",254,DC
"11111111.11111111.11111111.00000000","/24","10.52.8.0/24",Plano,"United States","38.9195157","-77.2195776","10.52.8.0","7900 Tysons One Place",Medium,,"DC BACKBONE","255.255.255.0",254,DC
"11111111.11111111.11111111.00000000","/24","10.52.9.0/24",Plano,"United States","38.9195157","-77.2195776","10.52.9.0","7900 Tysons One Place",Medium,,"DC BACKBONE","255.255.255.0",254,DC
"11111111.11111111.11111111.00000000","/24","10.8.33.0/24",Plano,"United States","33.0742362","-96.811603","10.8.33.0","5360 Legacy Place",Medium,,"TX Server Farms","255.255.255.0",254,TX
"11111111.11111111.11111111.00000000","/24","10.8.34.0/24",Plano,"United States","33.0742362","-96.811603","10.8.34.0","5360 Legacy Place",High,,"SSL VPN","255.255.255.0",254,TX
"11111111.11111111.11111111.00000000","/24","10.8.37.0/24",Plano,"United States","33.0742362","-96.811603","10.8.37.0","5360 Legacy Place",High,,"SSL VPN","255.255.255.0",254,TX
"11111111.11111111.11111111.00000000","/24","10.8.45.0/24",Plano,"United States","33.0742362","-96.811603","10.8.45.0","5360 Legacy Place",High,,"SSL VPN","255.255.255.0",254,TX
"11111111.11111111.11111111.00000000","/24","10.8.52.0/24",Plano,"United States","33.0742362","-96.811603","10.8.52.0","5360 Legacy Place",Medium,,"TX Server Farms","255.255.255.0",254,TX
"11111111.11111111.11111111.00000000","/24","10.8.56.0/24",Plano,"United States","33.0742362","-96.811603","10.8.56.0","5360 Legacy Place",Medium,,"TX Server Farms","255.255.255.0",254,TX
"11111111.11111111.11111111.00000000","/24","10.8.57.0/24",Plano,"United States","33.0742362","-96.811603","10.8.57.0","5360 Legacy Place",High,,"SSL VPN","255.255.255.0",254,TX
"11111111.11111111.11111111.00000000","/24","10.8.58.0/24",Plano,"United States","33.0742362","-96.811603","10.8.58.0","5360 Legacy Place",Low,,DMZ,"255.255.255.0",254,TX
"11111111.11111111.11111111.00000000","/24","10.8.59.0/24",Plano,"United States","33.0742362","-96.811603","10.8.59.0","5360 Legacy Place",Medium,,"TX Server Farms","255.255.255.0",254,TX
"11111111.11111111.11111111.00000000","/24","10.8.8.0/24",Plano,"United States","33.0742362","-96.811603","10.8.8.0","5360 Legacy Place",Medium,,"TX Server Farms","255.255.255.0",254,TX
"11111111.11111111.11111111.00000000","/24","10.8.85.0/24",Plano,"United States","33.0742362","-96.811603","10.8.85.0","5360 Legacy Place",Medium,,"TX Server Farms","255.255.255.0",254,TX
"11111111.11111111.11111111.00000000","/24","10.8.86.0/24",Plano,"United States","33.0742362","-96.811603","10.8.86.0","5360 Legacy Place",Medium,,"TX Server Farms","255.255.255.0",254,TX
"11111111.11111111.11111111.00000000","/24","10.9.106.0/24",Plano,"United States","33.0742362","-96.811603","10.9.106.0","5360 Legacy Place",Critical,,"Security Vlan","255.255.255.0",254,TX
"11111111.11111111.11111111.00000000","/24","10.9.110.0/24",Plano,"United States","33.0742362","-96.811603","10.9.110.0","5360 Legacy Place",Critical,,"Security Vlan","255.255.255.0",254,TX
"11111111.11111111.11111111.00000000","/24","10.9.12.0/24",Plano,"United States","33.0742362","-96.811603","10.9.12.0","5360 Legacy Place",Medium,,"TX Server Farms","255.255.255.0",254,TX
"11111111.11111111.11111111.00000000","/24","10.9.173.0/24",Plano,"United States","33.0742362","-96.811603","10.9.173.0","5360 Legacy Place",Medium,,"TX BACKBONE","255.255.255.0",254,TX
"11111111.11111111.11111111.00000000","/24","10.9.176.0/24",Plano,"United States","33.0742362","-96.811603","10.9.176.0","5360 Legacy Place",Medium,,"TX BACKBONE","255.255.255.0",254,TX
"11111111.11111111.11111111.00000000","/24","10.9.177.0/24",Plano,"United States","33.0742362","-96.811603","10.9.177.0","5360 Legacy Place",Medium,,"TX BACKBONE","255.255.255.0",254,TX
"11111111.11111111.11111111.00000000","/24","10.9.18.0/24",Plano,"United States","33.0742362","-96.811603","10.9.18.0","5360 Legacy Place",Medium,,"TX Server Farms","255.255.255.0",254,TX
"11111111.11111111.11111111.00000000","/24","10.9.19.0/24",Plano,"United States","33.0742362","-96.811603","10.9.19.0","5360 Legacy Place",Medium,,"TX BACKBONE","255.255.255.0",254,TX
"11111111.11111111.11111111.00000000","/24","10.9.207.0/24",Plano,"United States","33.0742362","-96.811603","10.9.207.0","5360 Legacy Place",Medium,,"TX BACKBONE","255.255.255.0",254,TX
"11111111.11111111.11111111.00000000","/24","10.9.23.0/24",Plano,"United States","33.0742362","-96.811603","10.9.23.0","5360 Legacy Place",Medium,,"TX Server Farms","255.255.255.0",254,TX
"11111111.11111111.11111111.00000000","/24","10.9.23.0/24",Plano,"United States","33.0742362","-96.811603","10.9.23.0","5360 Legacy Place",Medium,,"TX BACKBONE","255.255.255.0",254,TX
"11111111.11111111.11111111.00000000","/24","10.9.24.0/24",Plano,"United States","33.0742362","-96.811603","10.9.24.0","5360 Legacy Place",Medium,,"TX BACKBONE","255.255.255.0",254,TX
"11111111.11111111.11111111.00000000","/24","10.9.36.0/24",Plano,"United States","33.0742362","-96.811603","10.9.36.0","5360 Legacy Place",Medium,,"TX Server Farms","255.255.255.0",254,TX
"11111111.11111111.11111111.00000000","/24","10.9.72.0/24",Plano,"United States","33.0742362","-96.811603","10.9.72.0","5360 Legacy Place",Medium,,"TX BACKBONE","255.255.255.0",254,TX
"11111111.11111111.11111111.00000000","/24","10.9.73.0/24",Plano,"United States","33.0742362","-96.811603","10.9.73.0","5360 Legacy Place",Medium,,"TX BACKBONE","255.255.255.0",254,TX
"11111111.11111111.11111111.00000000","/24","10.9.75.0/24",Plano,"United States","33.0742362","-96.811603","10.9.75.0","5360 Legacy Place",Medium,,"TX BACKBONE","255.255.255.0",254,TX
"11111111.11111111.11111111.00000000","/24","10.9.76.0/24",Plano,"United States","33.0742362","-96.811603","10.9.76.0","5360 Legacy Place",Medium,,"TX BACKBONE","255.255.255.0",254,TX
"11111111.11111111.11111111.00000000","/24","10.9.77.0/24",Plano,"United States","33.0742362","-96.811603","10.9.77.0","5360 Legacy Place",Medium,,"TX BACKBONE","255.255.255.0",254,TX
"11111111.11111111.11111111.00000000","/24","10.9.78.0/24",Plano,"United States","33.0742362","-96.811603","10.9.78.0","5360 Legacy Place",Medium,,"TX BACKBONE","255.255.255.0",254,TX
"11111111.11111111.11111111.00000000","/24","10.9.80.0/24",Plano,"United States","33.0742362","-96.811603","10.9.80.0","5360 Legacy Place",Medium,,"TX BACKBONE","255.255.255.0",254,TX
"11111111.11111111.11111111.00000000","/24","10.9.81.0/24",Plano,"United States","33.0742362","-96.811603","10.9.81.0","5360 Legacy Place",Medium,,"TX BACKBONE","255.255.255.0",254,TX
"11111111.11111111.11111111.00000000","/24","10.9.82.0/24",Plano,"United States","33.0742362","-96.811603","10.9.82.0","5360 Legacy Place",Medium,,"TX BACKBONE","255.255.255.0",254,TX
"11111111.11111111.11111111.00000000","/24","10.9.83.0/24",Plano,"United States","33.0742362","-96.811603","10.9.83.0","5360 Legacy Place",Medium,,"TX BACKBONE","255.255.255.0",254,TX
"11111111.11111111.11111111.00000000","/24","10.9.91.0/24",Plano,"United States","33.0742362","-96.811603","10.9.91.0","5360 Legacy Place",Medium,,"TX Server Farms","255.255.255.0",254,TX
"11111111.11111111.11111111.00000000","/24","10.9.95.0/24",Plano,"United States","33.0742362","-96.811603","10.9.95.0","5360 Legacy Place",Medium,,"TX Server Farms","255.255.255.0",254,TX
"11111111.11111111.11111111.00000000","/24","172.21.0.0/24",Seattle,"United States","39.9086276","116.4155","172.21.0.0","1 East Chang An Avenue",Low,,DMZ,"255.255.255.0",254,CN
"11111111.11111111.11111111.00000000","/24","172.21.1.0/24",Seattle,"United States","39.9086276","116.4155","172.21.1.0","1 East Chang An Avenue",Low,,DMZ,"255.255.255.0",254,CN
"11111111.11111111.11111111.00000000","/24","172.21.10.0/24",Seattle,"United States","39.9086276","116.4155","172.21.10.0","1 East Chang An Avenue",Medium,,"CN BACKBONE","255.255.255.0",254,CN
"11111111.11111111.11111111.00000000","/24","172.21.100.0/24",Seattle,"United States","51.5196482","-0.1828441","172.21.100.0","3 Sheldon Square",Medium,,"Server Farms","255.255.255.0",254,UK
"11111111.11111111.11111111.00000000","/24","172.21.101.0/24",Seattle,"United States","51.5196482","-0.1828441","172.21.101.0","3 Sheldon Square",Medium,,"Server Farms","255.255.255.0",254,UK
"11111111.11111111.11111111.00000000","/24","172.21.102.0/24",Seattle,"United States","51.5196482","-0.1828441","172.21.102.0","3 Sheldon Square",Medium,,"Server Farms","255.255.255.0",254,UK
"11111111.11111111.11111111.00000000","/24","172.21.103.0/24",Seattle,"United States","51.5196482","-0.1828441","172.21.103.0","3 Sheldon Square",Medium,,"Server Farms","255.255.255.0",254,UK
"11111111.11111111.11111111.00000000","/24","172.21.104.0/24",Seattle,"United States","51.5196482","-0.1828441","172.21.104.0","3 Sheldon Square",Medium,,"Server Farms","255.255.255.0",254,UK
"11111111.11111111.11111111.00000000","/24","172.21.105.0/24",Beijing,China,"51.5196482","-0.1828441","172.21.105.0","3 Sheldon Square",High,,Firewalls,"255.255.255.0",254,UK
"11111111.11111111.11111111.00000000","/24","172.21.106.0/24",Beijing,China,"51.5196482","-0.1828441","172.21.106.0","3 Sheldon Square",High,,Firewalls,"255.255.255.0",254,UK
"11111111.11111111.11111111.00000000","/24","172.21.107.0/24",Beijing,China,"51.5196482","-0.1828441","172.21.107.0","3 Sheldon Square",Medium,,"UK Server Farm","255.255.255.0",254,UK
"11111111.11111111.11111111.00000000","/24","172.21.108.0/24",Beijing,China,"51.5196482","-0.1828441","172.21.108.0","3 Sheldon Square",Medium,,"UK Server Farm","255.255.255.0",254,UK
"11111111.11111111.11111111.00000000","/24","172.21.109.0/24",Beijing,China,"51.5196482","-0.1828441","172.21.109.0","3 Sheldon Square",Medium,,"UK Server Farm","255.255.255.0",254,UK
"11111111.11111111.11111111.00000000","/24","172.21.11.0/24",Beijing,China,"39.9086276","116.4155","172.21.11.0","1 East Chang An Avenue",Medium,,"CN BACKBONE","255.255.255.0",254,CN
"11111111.11111111.11111111.00000000","/24","172.21.110.0/24",Beijing,China,"51.5196482","-0.1828441","172.21.110.0","3 Sheldon Square",Medium,,"UK Server Farm","255.255.255.0",254,UK
"11111111.11111111.11111111.00000000","/24","172.21.111.0/24",Beijing,China,"51.5196482","-0.1828441","172.21.111.0","3 Sheldon Square",Medium,,"UK Server Farm","255.255.255.0",254,UK
"11111111.11111111.11111111.00000000","/24","172.21.112.0/24",Beijing,China,"51.5196482","-0.1828441","172.21.112.0","3 Sheldon Square",Medium,,"UK Server Farm","255.255.255.0",254,UK
"11111111.11111111.11111111.00000000","/24","172.21.113.0/24",Beijing,China,"51.5196482","-0.1828441","172.21.113.0","3 Sheldon Square",Medium,,"UK Server Farm","255.255.255.0",254,UK
"11111111.11111111.11111111.00000000","/24","172.21.114.0/24",Beijing,China,"51.5196482","-0.1828441","172.21.114.0","3 Sheldon Square",Medium,,"UK Server Farm","255.255.255.0",254,UK
"11111111.11111111.11111111.00000000","/24","172.21.115.0/24",Beijing,China,"51.5196482","-0.1828441","172.21.115.0","3 Sheldon Square",Medium,,"UK Server Farm","255.255.255.0",254,UK
"11111111.11111111.11111111.00000000","/24","172.21.116.0/24",Beijing,China,"51.5196482","-0.1828441","172.21.116.0","3 Sheldon Square",Medium,,"UK Server Farm","255.255.255.0",254,UK
"11111111.11111111.11111111.00000000","/24","172.21.117.0/24",Beijing,China,"51.5196482","-0.1828441","172.21.117.0","3 Sheldon Square",Medium,,"UK Server Farm","255.255.255.0",254,UK
"11111111.11111111.11111111.00000000","/24","172.21.118.0/24",Beijing,China,"51.5196482","-0.1828441","172.21.118.0","3 Sheldon Square",Medium,,"UK Server Farm","255.255.255.0",254,UK
"11111111.11111111.11111111.00000000","/24","172.21.119.0/24",Beijing,China,"51.5196482","-0.1828441","172.21.119.0","3 Sheldon Square",Medium,,"UK Server Farm","255.255.255.0",254,UK
"11111111.11111111.11111111.00000000","/24","172.21.12.0/24",Beijing,China,"39.9086276","116.4155","172.21.12.0","1 East Chang An Avenue",Medium,,"CN BACKBONE","255.255.255.0",254,CN
"11111111.11111111.11111111.00000000","/24","172.21.120.0/24",Beijing,China,"51.5196482","-0.1828441","172.21.120.0","3 Sheldon Square",Medium,,"UK Server Farm","255.255.255.0",254,UK
"11111111.11111111.11111111.00000000","/24","172.21.121.0/24",Beijing,China,"51.5196482","-0.1828441","172.21.121.0","3 Sheldon Square",Medium,,"UK Server Farm","255.255.255.0",254,UK
"11111111.11111111.11111111.00000000","/24","172.21.122.0/24",Beijing,China,"51.5196482","-0.1828441","172.21.122.0","3 Sheldon Square",Medium,,"UK Server Farm","255.255.255.0",254,UK
"11111111.11111111.11111111.00000000","/24","172.21.123.0/24",Beijing,China,"51.5196482","-0.1828441","172.21.123.0","3 Sheldon Square",Medium,,"UK Server Farm","255.255.255.0",254,UK
"11111111.11111111.11111111.00000000","/24","172.21.124.0/24",Beijing,China,"51.5196482","-0.1828441","172.21.124.0","3 Sheldon Square",Medium,,"UK Server Farm","255.255.255.0",254,UK
"11111111.11111111.11111111.00000000","/24","172.21.125.0/24",Beijing,China,"51.5196482","-0.1828441","172.21.125.0","3 Sheldon Square",Medium,,"UK Server Farm","255.255.255.0",254,UK
"11111111.11111111.11111111.00000000","/24","172.21.126.0/24",Beijing,China,"51.5196482","-0.1828441","172.21.126.0","3 Sheldon Square",Medium,,"UK Server Farm","255.255.255.0",254,UK
"11111111.11111111.11111111.00000000","/24","172.21.127.0/24",Beijing,China,"51.5196482","-0.1828441","172.21.127.0","3 Sheldon Square",Medium,,"UK Server Farm","255.255.255.0",254,UK
"11111111.11111111.11111111.00000000","/24","172.21.128.0/24",Beijing,China,"51.5196482","-0.1828441","172.21.128.0","3 Sheldon Square",Medium,,"UK Server Farm","255.255.255.0",254,UK
"11111111.11111111.11111111.00000000","/24","172.21.129.0/24",Beijing,China,"51.5196482","-0.1828441","172.21.129.0","3 Sheldon Square",Medium,,"UK Server Farm","255.255.255.0",254,UK
"11111111.11111111.11111111.00000000","/24","172.21.13.0/24",Beijing,China,"39.9086276","116.4155","172.21.13.0","1 East Chang An Avenue",Medium,,"CN BACKBONE","255.255.255.0",254,CN
"11111111.11111111.11111111.00000000","/24","172.21.130.0/24",Beijing,China,"51.5196482","-0.1828441","172.21.130.0","3 Sheldon Square",Medium,,"UK Server Farm","255.255.255.0",254,UK
"11111111.11111111.11111111.00000000","/24","172.21.131.0/24",Beijing,China,"51.5196482","-0.1828441","172.21.131.0","3 Sheldon Square",Medium,,"UK Server Farm","255.255.255.0",254,UK
"11111111.11111111.11111111.00000000","/24","172.21.132.0/24",Beijing,China,"51.5196482","-0.1828441","172.21.132.0","3 Sheldon Square",Medium,,"UK Server Farm","255.255.255.0",254,UK
"11111111.11111111.11111111.00000000","/24","172.21.133.0/24",Beijing,China,"51.5196482","-0.1828441","172.21.133.0","3 Sheldon Square",Medium,,"UK Server Farm","255.255.255.0",254,UK
"11111111.11111111.11111111.00000000","/24","172.21.134.0/24",Paris,France,"51.5196482","-0.1828441","172.21.134.0","3 Sheldon Square",Medium,,"UK Server Farm","255.255.255.0",254,UK
"11111111.11111111.11111111.00000000","/24","172.21.135.0/24",Paris,France,"51.5196482","-0.1828441","172.21.135.0","3 Sheldon Square",Medium,,"UK Server Farm","255.255.255.0",254,UK
"11111111.11111111.11111111.00000000","/24","172.21.136.0/24",Paris,France,"51.5196482","-0.1828441","172.21.136.0","3 Sheldon Square",Medium,,"UK Server Farm","255.255.255.0",254,UK
"11111111.11111111.11111111.00000000","/24","172.21.137.0/24",Paris,France,"51.5196482","-0.1828441","172.21.137.0","3 Sheldon Square",Medium,,"UK Server Farm","255.255.255.0",254,UK
"11111111.11111111.11111111.00000000","/24","172.21.138.0/24",Paris,France,"51.5196482","-0.1828441","172.21.138.0","3 Sheldon Square",Medium,,"UK Server Farm","255.255.255.0",254,UK
"11111111.11111111.11111111.00000000","/24","172.21.139.0/24",Paris,France,"51.5196482","-0.1828441","172.21.139.0","3 Sheldon Square",Medium,,"UK Server Farm","255.255.255.0",254,UK
"11111111.11111111.11111111.00000000","/24","172.21.14.0/24",Paris,France,"39.9086276","116.4155","172.21.14.0","1 East Chang An Avenue",Medium,,"CN BACKBONE","255.255.255.0",254,CN
"11111111.11111111.11111111.00000000","/24","172.21.140.0/24",Paris,France,"51.5196482","-0.1828441","172.21.140.0","3 Sheldon Square",Low,,DMZ,"255.255.255.0",254,UK
"11111111.11111111.11111111.00000000","/24","172.21.141.0/24",Paris,France,"51.5196482","-0.1828441","172.21.141.0","3 Sheldon Square",Low,,DMZ,"255.255.255.0",254,UK
"11111111.11111111.11111111.00000000","/24","172.21.142.0/24",Paris,France,"51.5196482","-0.1828441","172.21.142.0","3 Sheldon Square",High,,"SSL VPN","255.255.255.0",254,UK
"11111111.11111111.11111111.00000000","/24","172.21.143.0/24",Paris,France,"51.5196482","-0.1828441","172.21.143.0","3 Sheldon Square",High,,"SSL VPN","255.255.255.0",254,UK
"11111111.11111111.11111111.00000000","/24","172.21.144.0/24",Paris,France,"51.5196482","-0.1828441","172.21.144.0","3 Sheldon Square",Medium,,"UK BACKBONE","255.255.255.0",254,UK
"11111111.11111111.11111111.00000000","/24","172.21.145.0/24",Paris,France,"51.5196482","-0.1828441","172.21.145.0","3 Sheldon Square",Medium,,"UK BACKBONE","255.255.255.0",254,UK
"11111111.11111111.11111111.00000000","/24","172.21.146.0/24",Paris,France,"51.5196482","-0.1828441","172.21.146.0","3 Sheldon Square",Medium,,"UK BACKBONE","255.255.255.0",254,UK
"11111111.11111111.11111111.00000000","/24","172.21.147.0/24",Paris,France,"51.5196482","-0.1828441","172.21.147.0","3 Sheldon Square",Medium,,"UK BACKBONE","255.255.255.0",254,UK
"11111111.11111111.11111111.00000000","/24","172.21.148.0/24",Paris,France,"51.5196482","-0.1828441","172.21.148.0","3 Sheldon Square",Medium,,"UK BACKBONE","255.255.255.0",254,UK
"11111111.11111111.11111111.00000000","/24","172.21.149.0/24",Paris,France,"51.5196482","-0.1828441","172.21.149.0","3 Sheldon Square",Medium,,"UK BACKBONE","255.255.255.0",254,UK
"11111111.11111111.11111111.00000000","/24","172.21.15.0/24",Paris,France,"39.9086276","116.4155","172.21.15.0","1 East Chang An Avenue",Medium,,"CN BACKBONE","255.255.255.0",254,CN
"11111111.11111111.11111111.00000000","/24","172.21.150.0/24",Paris,France,"51.5196482","-0.1828441","172.21.150.0","3 Sheldon Square",Medium,,"UK BACKBONE","255.255.255.0",254,UK
"11111111.11111111.11111111.00000000","/24","172.21.151.0/24",Paris,France,"51.5196482","-0.1828441","172.21.151.0","3 Sheldon Square",Medium,,"UK BACKBONE","255.255.255.0",254,UK
"11111111.11111111.11111111.00000000","/24","172.21.152.0/24",Paris,France,"51.5196482","-0.1828441","172.21.152.0","3 Sheldon Square",Medium,,"UK BACKBONE","255.255.255.0",254,UK
"11111111.11111111.11111111.00000000","/24","172.21.153.0/24",Paris,France,"51.5196482","-0.1828441","172.21.153.0","3 Sheldon Square",Medium,,"UK BACKBONE","255.255.255.0",254,UK
"11111111.11111111.11111111.00000000","/24","172.21.154.0/24",Paris,France,"51.5196482","-0.1828441","172.21.154.0","3 Sheldon Square",Medium,,"UK BACKBONE","255.255.255.0",254,UK
"11111111.11111111.11111111.00000000","/24","172.21.155.0/24",Paris,France,"51.5196482","-0.1828441","172.21.155.0","3 Sheldon Square",Medium,,"UK BACKBONE","255.255.255.0",254,UK
"11111111.11111111.11111111.00000000","/24","172.21.156.0/24",Paris,France,"51.5196482","-0.1828441","172.21.156.0","3 Sheldon Square",Medium,,"UK BACKBONE","255.255.255.0",254,UK
"11111111.11111111.11111111.00000000","/24","172.21.157.0/24",Paris,France,"51.5196482","-0.1828441","172.21.157.0","3 Sheldon Square",Medium,,"UK BACKBONE","255.255.255.0",254,UK
"11111111.11111111.11111111.00000000","/24","172.21.158.0/24",Paris,France,"51.5196482","-0.1828441","172.21.158.0","3 Sheldon Square",Medium,,"UK BACKBONE","255.255.255.0",254,UK
"11111111.11111111.11111111.00000000","/24","172.21.159.0/24",Paris,France,"51.5196482","-0.1828441","172.21.159.0","3 Sheldon Square",Medium,,"UK BACKBONE","255.255.255.0",254,UK
"11111111.11111111.11111111.00000000","/24","172.21.16.0/24",Paris,France,"39.9086276","116.4155","172.21.16.0","1 East Chang An Avenue",Medium,,"CN BACKBONE","255.255.255.0",254,CN
"11111111.11111111.11111111.00000000","/24","172.21.160.0/24",Paris,France,"51.5196482","-0.1828441","172.21.160.0","3 Sheldon Square",Medium,,"UK BACKBONE","255.255.255.0",254,UK
"11111111.11111111.11111111.00000000","/24","172.21.161.0/24",Paris,France,"51.5196482","-0.1828441","172.21.161.0","3 Sheldon Square",Medium,,"UK BACKBONE","255.255.255.0",254,UK
"11111111.11111111.11111111.00000000","/24","172.21.162.0/24",Paris,France,"51.5196482","-0.1828441","172.21.162.0","3 Sheldon Square",Medium,,"UK BACKBONE","255.255.255.0",254,UK
"11111111.11111111.11111111.00000000","/24","172.21.163.0/24",Paris,France,"51.5196482","-0.1828441","172.21.163.0","3 Sheldon Square",Medium,,"UK BACKBONE","255.255.255.0",254,UK
"11111111.11111111.11111111.00000000","/24","172.21.164.0/24",Paris,France,"51.5196482","-0.1828441","172.21.164.0","3 Sheldon Square",Medium,,"UK BACKBONE","255.255.255.0",254,UK
"11111111.11111111.11111111.00000000","/24","172.21.165.0/24",Paris,France,"51.5196482","-0.1828441","172.21.165.0","3 Sheldon Square",Medium,,"UK BACKBONE","255.255.255.0",254,UK
"11111111.11111111.11111111.00000000","/24","172.21.166.0/24",Paris,France,"51.5196482","-0.1828441","172.21.166.0","3 Sheldon Square",Medium,,"UK BACKBONE","255.255.255.0",254,UK
"11111111.11111111.11111111.00000000","/24","172.21.167.0/24",Paris,France,"51.5196482","-0.1828441","172.21.167.0","3 Sheldon Square",Medium,,"UK BACKBONE","255.255.255.0",254,UK
"11111111.11111111.11111111.00000000","/24","172.21.168.0/24",Paris,France,"51.5196482","-0.1828441","172.21.168.0","3 Sheldon Square",Medium,,"UK BACKBONE","255.255.255.0",254,UK
"11111111.11111111.11111111.00000000","/24","172.21.169.0/24",Paris,France,"51.5196482","-0.1828441","172.21.169.0","3 Sheldon Square",Medium,,"UK BACKBONE","255.255.255.0",254,UK
"11111111.11111111.11111111.00000000","/24","172.21.17.0/24",Paris,France,"39.9086276","116.4155","172.21.17.0","1 East Chang An Avenue",Medium,,"CN BACKBONE","255.255.255.0",254,CN
"11111111.11111111.11111111.00000000","/24","172.21.170.0/24",Paris,France,"51.5196482","-0.1828441","172.21.170.0","3 Sheldon Square",Medium,,"UK BACKBONE","255.255.255.0",254,UK
"11111111.11111111.11111111.00000000","/24","172.21.171.0/24",Paris,France,"51.5196482","-0.1828441","172.21.171.0","3 Sheldon Square",Medium,,"UK BACKBONE","255.255.255.0",254,UK
"11111111.11111111.11111111.00000000","/24","172.21.172.0/24",Paris,France,"51.5196482","-0.1828441","172.21.172.0","3 Sheldon Square",Medium,,"UK BACKBONE","255.255.255.0",254,UK
"11111111.11111111.11111111.00000000","/24","172.21.173.0/24",Paris,France,"51.5196482","-0.1828441","172.21.173.0","3 Sheldon Square",Medium,,"UK BACKBONE","255.255.255.0",254,UK
"11111111.11111111.11111111.00000000","/24","172.21.174.0/24",Paris,France,"51.5196482","-0.1828441","172.21.174.0","3 Sheldon Square",Medium,,"UK BACKBONE","255.255.255.0",254,UK
"11111111.11111111.11111111.00000000","/24","172.21.175.0/24",Paris,France,"51.5196482","-0.1828441","172.21.175.0","3 Sheldon Square",Medium,,"UK BACKBONE","255.255.255.0",254,UK
"11111111.11111111.11111111.00000000","/24","172.21.176.0/24",Paris,France,"51.5196482","-0.1828441","172.21.176.0","3 Sheldon Square",Medium,,"UK BACKBONE","255.255.255.0",254,UK
"11111111.11111111.11111111.00000000","/24","172.21.177.0/24",Paris,France,"51.5196482","-0.1828441","172.21.177.0","3 Sheldon Square",Medium,,"UK BACKBONE","255.255.255.0",254,UK
"11111111.11111111.11111111.00000000","/24","172.21.178.0/24",Paris,France,"51.5196482","-0.1828441","172.21.178.0","3 Sheldon Square",Medium,,"UK BACKBONE","255.255.255.0",254,UK
"11111111.11111111.11111111.00000000","/24","172.21.179.0/24",Paris,France,"51.5196482","-0.1828441","172.21.179.0","3 Sheldon Square",Medium,,"UK BACKBONE","255.255.255.0",254,UK
"11111111.11111111.11111111.00000000","/24","172.21.18.0/24",Paris,France,"39.9086276","116.4155","172.21.18.0","1 East Chang An Avenue",Medium,,"CN Server Farms","255.255.255.0",254,CN
"11111111.11111111.11111111.00000000","/24","172.21.180.0/24",Paris,France,"51.5196482","-0.1828441","172.21.180.0","3 Sheldon Square",Medium,,"UK BACKBONE","255.255.255.0",254,UK
"11111111.11111111.11111111.00000000","/24","172.21.181.0/24",Paris,France,"51.5196482","-0.1828441","172.21.181.0","3 Sheldon Square",Medium,,"UK BACKBONE","255.255.255.0",254,UK
"11111111.11111111.11111111.00000000","/24","172.21.182.0/24",Paris,France,"51.5196482","-0.1828441","172.21.182.0","3 Sheldon Square",Medium,,"UK BACKBONE","255.255.255.0",254,UK
"11111111.11111111.11111111.00000000","/24","172.21.183.0/24",Paris,France,"51.5196482","-0.1828441","172.21.183.0","3 Sheldon Square",Medium,,"UK BACKBONE","255.255.255.0",254,UK
"11111111.11111111.11111111.00000000","/24","172.21.184.0/24",Paris,France,"51.5196482","-0.1828441","172.21.184.0","3 Sheldon Square",Medium,,"UK BACKBONE","255.255.255.0",254,UK
"11111111.11111111.11111111.00000000","/24","172.21.185.0/24",London,"United Kingdom","51.5196482","-0.1828441","172.21.185.0","3 Sheldon Square",Medium,,"UK BACKBONE","255.255.255.0",254,UK
"11111111.11111111.11111111.00000000","/24","172.21.186.0/24",London,"United Kingdom","51.5196482","-0.1828441","172.21.186.0","3 Sheldon Square",Medium,,"UK BACKBONE","255.255.255.0",254,UK
"11111111.11111111.11111111.00000000","/24","172.21.187.0/24",London,"United Kingdom","51.5196482","-0.1828441","172.21.187.0","3 Sheldon Square",Medium,,"UK BACKBONE","255.255.255.0",254,UK
"11111111.11111111.11111111.00000000","/24","172.21.188.0/24",London,"United Kingdom","51.5196482","-0.1828441","172.21.188.0","3 Sheldon Square",Medium,,"UK BACKBONE","255.255.255.0",254,UK
"11111111.11111111.11111111.00000000","/24","172.21.189.0/24",London,"United Kingdom","51.5196482","-0.1828441","172.21.189.0","3 Sheldon Square",Medium,,"UK BACKBONE","255.255.255.0",254,UK
"11111111.11111111.11111111.00000000","/24","172.21.19.0/24",London,"United Kingdom","39.9086276","116.4155","172.21.19.0","1 East Chang An Avenue",Medium,,"CN Server Farms","255.255.255.0",254,CN
"11111111.11111111.11111111.00000000","/24","172.21.190.0/24",London,"United Kingdom","51.5196482","-0.1828441","172.21.190.0","3 Sheldon Square",Critical,,"mgmt interfaces for switches","255.255.255.0",254,UK
"11111111.11111111.11111111.00000000","/24","172.21.191.0/24",London,"United Kingdom","51.5196482","-0.1828441","172.21.191.0","3 Sheldon Square",Critical,,"mgmt interfaces for switches","255.255.255.0",254,UK
"11111111.11111111.11111111.00000000","/24","172.21.192.0/24",London,"United Kingdom","51.5196482","-0.1828441","172.21.192.0","3 Sheldon Square",Critical,,"Security Vlan","255.255.255.0",254,UK
"11111111.11111111.11111111.00000000","/24","172.21.193.0/24",London,"United Kingdom","51.5196482","-0.1828441","172.21.193.0","3 Sheldon Square",Critical,,"Security Vlan","255.255.255.0",254,UK
"11111111.11111111.11111111.00000000","/24","172.21.2.0/24",London,"United Kingdom","39.9086276","116.4155","172.21.2.0","1 East Chang An Avenue",Medium,,"CN BACKBONE","255.255.255.0",254,CN
"11111111.11111111.11111111.00000000","/24","172.21.20.0/24",London,"United Kingdom","39.9086276","116.4155","172.21.20.0","1 East Chang An Avenue",Medium,,"CN Server Farms","255.255.255.0",254,CN
"11111111.11111111.11111111.00000000","/24","172.21.21.0/24",London,"United Kingdom","39.9086276","116.4155","172.21.21.0","1 East Chang An Avenue",Medium,,"CN Server Farms","255.255.255.0",254,CN
"11111111.11111111.11111111.00000000","/24","172.21.22.0/24",London,"United Kingdom","39.9086276","116.4155","172.21.22.0","1 East Chang An Avenue",Medium,,"CN Server Farms","255.255.255.0",254,CN
"11111111.11111111.11111111.00000000","/24","172.21.23.0/24",London,"United Kingdom","39.9086276","116.4155","172.21.23.0","1 East Chang An Avenue",Medium,,"CN Server Farms","255.255.255.0",254,CN
"11111111.11111111.11111111.00000000","/24","172.21.24.0/24",London,"United Kingdom","39.9086276","116.4155","172.21.24.0","1 East Chang An Avenue",Medium,,"CN Server Farms","255.255.255.0",254,CN
"11111111.11111111.11111111.00000000","/24","172.21.25.0/24",London,"United Kingdom","39.9086276","116.4155","172.21.25.0","1 East Chang An Avenue",Medium,,"CN Server Farms","255.255.255.0",254,CN
"11111111.11111111.11111111.00000000","/24","172.21.26.0/24",London,"United Kingdom","39.9086276","116.4155","172.21.26.0","1 East Chang An Avenue",Medium,,"CN Server Farms","255.255.255.0",254,CN
"11111111.11111111.11111111.00000000","/24","172.21.27.0/24",London,"United Kingdom","39.9086276","116.4155","172.21.27.0","1 East Chang An Avenue",Medium,,"CN Server Farms","255.255.255.0",254,CN
"11111111.11111111.11111111.00000000","/24","172.21.28.0/24",London,"United Kingdom","39.9086276","116.4155","172.21.28.0","1 East Chang An Avenue",Medium,,"CN Server Farms","255.255.255.0",254,CN
"11111111.11111111.11111111.00000000","/24","172.21.29.0/24",London,"United Kingdom","39.9086276","116.4155","172.21.29.0","1 East Chang An Avenue",Critical,,"mgmt interfaces for switches","255.255.255.0",254,CN
"11111111.11111111.11111111.00000000","/24","172.21.3.0/24",London,"United Kingdom","39.9086276","116.4155","172.21.3.0","1 East Chang An Avenue",Medium,,"CN BACKBONE","255.255.255.0",254,CN
"11111111.11111111.11111111.00000000","/24","172.21.30.0/24",London,"United Kingdom","39.9086276","116.4155","172.21.30.0","1 East Chang An Avenue",Medium,,"CN Server Farms","255.255.255.0",254,CN
"11111111.11111111.11111111.00000000","/24","172.21.31.0/24",London,"United Kingdom","39.9086276","116.4155","172.21.31.0","1 East Chang An Avenue",Medium,,"CN Server Farms","255.255.255.0",254,CN
"11111111.11111111.11111111.00000000","/24","172.21.32.0/24",London,"United Kingdom","48.8722691","2.3335079","172.21.32.0","15 rue Taitbout",Low,,DMZ,"255.255.255.0",254,FR
"11111111.11111111.11111111.00000000","/24","172.21.33.0/24",London,"United Kingdom","48.8722691","2.3335079","172.21.33.0","15 rue Taitbout",Low,,DMZ,"255.255.255.0",254,FR
"11111111.11111111.11111111.00000000","/24","172.21.34.0/24",London,"United Kingdom","48.8722691","2.3335079","172.21.34.0","15 rue Taitbout",Medium,,"FR BACKBONE","255.255.255.0",254,FR
"11111111.11111111.11111111.00000000","/24","172.21.35.0/24",London,"United Kingdom","48.8722691","2.3335079","172.21.35.0","15 rue Taitbout",Medium,,"FR BACKBONE","255.255.255.0",254,FR
"11111111.11111111.11111111.00000000","/24","172.21.36.0/24",London,"United Kingdom","48.8722691","2.3335079","172.21.36.0","15 rue Taitbout",Medium,,"FR BACKBONE","255.255.255.0",254,FR
"11111111.11111111.11111111.00000000","/24","172.21.37.0/24",London,"United Kingdom","48.8722691","2.3335079","172.21.37.0","15 rue Taitbout",Medium,,"FR BACKBONE","255.255.255.0",254,FR
"11111111.11111111.11111111.00000000","/24","172.21.38.0/24",London,"United Kingdom","48.8722691","2.3335079","172.21.38.0","15 rue Taitbout",Medium,,"FR BACKBONE","255.255.255.0",254,FR
"11111111.11111111.11111111.00000000","/24","172.21.39.0/24",London,"United Kingdom","48.8722691","2.3335079","172.21.39.0","15 rue Taitbout",Medium,,"FR BACKBONE","255.255.255.0",254,FR
"11111111.11111111.11111111.00000000","/24","172.21.4.0/24",London,"United Kingdom","39.9086276","116.4155","172.21.4.0","1 East Chang An Avenue",Medium,,"CN BACKBONE","255.255.255.0",254,CN
"11111111.11111111.11111111.00000000","/24","172.21.40.0/24",London,"United Kingdom","48.8722691","2.3335079","172.21.40.0","15 rue Taitbout",Medium,,"FR BACKBONE","255.255.255.0",254,FR
"11111111.11111111.11111111.00000000","/24","172.21.41.0/24",London,"United Kingdom","48.8722691","2.3335079","172.21.41.0","15 rue Taitbout",Medium,,"FR BACKBONE","255.255.255.0",254,FR
"11111111.11111111.11111111.00000000","/24","172.21.42.0/24",London,"United Kingdom","48.8722691","2.3335079","172.21.42.0","15 rue Taitbout",Medium,,"FR BACKBONE","255.255.255.0",254,FR
"11111111.11111111.11111111.00000000","/24","172.21.43.0/24",London,"United Kingdom","48.8722691","2.3335079","172.21.43.0","15 rue Taitbout",Medium,,"FR BACKBONE","255.255.255.0",254,FR
"11111111.11111111.11111111.00000000","/24","172.21.44.0/24",London,"United Kingdom","48.8722691","2.3335079","172.21.44.0","15 rue Taitbout",Medium,,"FR BACKBONE","255.255.255.0",254,FR
"11111111.11111111.11111111.00000000","/24","172.21.45.0/24",London,"United Kingdom","48.8722691","2.3335079","172.21.45.0","15 rue Taitbout",Medium,,"FR BACKBONE","255.255.255.0",254,FR
"11111111.11111111.11111111.00000000","/24","172.21.46.0/24",London,"United Kingdom","48.8722691","2.3335079","172.21.46.0","15 rue Taitbout",Medium,,"FR BACKBONE","255.255.255.0",254,FR
"11111111.11111111.11111111.00000000","/24","172.21.47.0/24",London,"United Kingdom","48.8722691","2.3335079","172.21.47.0","15 rue Taitbout",Medium,,"FR BACKBONE","255.255.255.0",254,FR
"11111111.11111111.11111111.00000000","/24","172.21.48.0/24",London,"United Kingdom","48.8722691","2.3335079","172.21.48.0","15 rue Taitbout",Medium,,"FR BACKBONE","255.255.255.0",254,FR
"11111111.11111111.11111111.00000000","/24","172.21.49.0/24",London,"United Kingdom","48.8722691","2.3335079","172.21.49.0","15 rue Taitbout",Medium,,"FR BACKBONE","255.255.255.0",254,FR
"11111111.11111111.11111111.00000000","/24","172.21.5.0/24",London,"United Kingdom","39.9086276","116.4155","172.21.5.0","1 East Chang An Avenue",Medium,,"CN BACKBONE","255.255.255.0",254,CN
"11111111.11111111.11111111.00000000","/24","172.21.50.0/24",London,"United Kingdom","48.8722691","2.3335079","172.21.50.0","15 rue Taitbout",High,,"SSL VPN","255.255.255.0",254,FR
"11111111.11111111.11111111.00000000","/24","172.21.51.0/24",London,"United Kingdom","48.8722691","2.3335079","172.21.51.0","15 rue Taitbout",High,,"SSL VPN","255.255.255.0",254,FR
"11111111.11111111.11111111.00000000","/24","172.21.52.0/24",London,"United Kingdom","48.8722691","2.3335079","172.21.52.0","15 rue Taitbout",Medium,,"FR Server Farms","255.255.255.0",254,FR
"11111111.11111111.11111111.00000000","/24","172.21.53.0/24",London,"United Kingdom","48.8722691","2.3335079","172.21.53.0","15 rue Taitbout",Medium,,"FR Server Farms","255.255.255.0",254,FR
"11111111.11111111.11111111.00000000","/24","172.21.54.0/24",London,"United Kingdom","48.8722691","2.3335079","172.21.54.0","15 rue Taitbout",Medium,,"FR Server Farms","255.255.255.0",254,FR
"11111111.11111111.11111111.00000000","/24","172.21.55.0/24",London,"United Kingdom","48.8722691","2.3335079","172.21.55.0","15 rue Taitbout",Medium,,"FR Server Farms","255.255.255.0",254,FR
"11111111.11111111.11111111.00000000","/24","172.21.56.0/24",London,"United Kingdom","48.8722691","2.3335079","172.21.56.0","15 rue Taitbout",Medium,,"FR Server Farms","255.255.255.0",254,FR
"11111111.11111111.11111111.00000000","/24","172.21.57.0/24",London,"United Kingdom","48.8722691","2.3335079","172.21.57.0","15 rue Taitbout",Medium,,"FR Server Farms","255.255.255.0",254,FR
"11111111.11111111.11111111.00000000","/24","172.21.58.0/24",London,"United Kingdom","48.8722691","2.3335079","172.21.58.0","15 rue Taitbout",Medium,,"FR Server Farms","255.255.255.0",254,FR
"11111111.11111111.11111111.00000000","/24","172.21.59.0/24",London,"United Kingdom","48.8722691","2.3335079","172.21.59.0","15 rue Taitbout",Medium,,"FR Server Farms","255.255.255.0",254,FR
"11111111.11111111.11111111.00000000","/24","172.21.6.0/24",London,"United Kingdom","39.9086276","116.4155","172.21.6.0","1 East Chang An Avenue",Medium,,"CN BACKBONE","255.255.255.0",254,CN
"11111111.11111111.11111111.00000000","/24","172.21.60.0/24",London,"United Kingdom","48.8722691","2.3335079","172.21.60.0","15 rue Taitbout",Medium,,"FR Server Farms","255.255.255.0",254,FR
"11111111.11111111.11111111.00000000","/24","172.21.61.0/24",London,"United Kingdom","48.8722691","2.3335079","172.21.61.0","15 rue Taitbout",Medium,,"FR Server Farms","255.255.255.0",254,FR
"11111111.11111111.11111111.00000000","/24","172.21.62.0/24",London,"United Kingdom","48.8722691","2.3335079","172.21.62.0","15 rue Taitbout",Medium,,"FR Server Farms","255.255.255.0",254,FR
"11111111.11111111.11111111.00000000","/24","172.21.63.0/24",London,"United Kingdom","48.8722691","2.3335079","172.21.63.0","15 rue Taitbout",Medium,,"FR Server Farms","255.255.255.0",254,FR
"11111111.11111111.11111111.00000000","/24","172.21.64.0/24",London,"United Kingdom","48.8722691","2.3335079","172.21.64.0","15 rue Taitbout",Medium,,"FR Server Farms","255.255.255.0",254,FR
"11111111.11111111.11111111.00000000","/24","172.21.65.0/24",London,"United Kingdom","48.8722691","2.3335079","172.21.65.0","15 rue Taitbout",Medium,,"FR Server Farms","255.255.255.0",254,FR
"11111111.11111111.11111111.00000000","/24","172.21.66.0/24",London,"United Kingdom","48.8722691","2.3335079","172.21.66.0","15 rue Taitbout",Medium,,"FR Server Farms","255.255.255.0",254,FR
"11111111.11111111.11111111.00000000","/24","172.21.67.0/24",London,"United Kingdom","48.8722691","2.3335079","172.21.67.0","15 rue Taitbout",Medium,,"FR Server Farms","255.255.255.0",254,FR
"11111111.11111111.11111111.00000000","/24","172.21.68.0/24",London,"United Kingdom","48.8722691","2.3335079","172.21.68.0","15 rue Taitbout",Medium,,"FR Server Farms","255.255.255.0",254,FR
"11111111.11111111.11111111.00000000","/24","172.21.69.0/24",London,"United Kingdom","48.8722691","2.3335079","172.21.69.0","15 rue Taitbout",Medium,,"FR Server Farms","255.255.255.0",254,FR
"11111111.11111111.11111111.00000000","/24","172.21.7.0/24",London,"United Kingdom","39.9086276","116.4155","172.21.7.0","1 East Chang An Avenue",Medium,,"CN BACKBONE","255.255.255.0",254,CN
"11111111.11111111.11111111.00000000","/24","172.21.70.0/24",London,"United Kingdom","48.8722691","2.3335079","172.21.70.0","15 rue Taitbout",Medium,,"FR Server Farms","255.255.255.0",254,FR
"11111111.11111111.11111111.00000000","/24","172.21.71.0/24",London,"United Kingdom","48.8722691","2.3335079","172.21.71.0","15 rue Taitbout",Medium,,"FR Server Farms","255.255.255.0",254,FR
"11111111.11111111.11111111.00000000","/24","172.21.72.0/24",London,"United Kingdom","48.8722691","2.3335079","172.21.72.0","15 rue Taitbout",Medium,,"FR Server Farms","255.255.255.0",254,FR
"11111111.11111111.11111111.00000000","/24","172.21.73.0/24",London,"United Kingdom","48.8722691","2.3335079","172.21.73.0","15 rue Taitbout",Medium,,"FR Server Farms","255.255.255.0",254,FR
"11111111.11111111.11111111.00000000","/24","172.21.74.0/24",London,"United Kingdom","48.8722691","2.3335079","172.21.74.0","15 rue Taitbout",Medium,,"FR Server Farms","255.255.255.0",254,FR
"11111111.11111111.11111111.00000000","/24","172.21.75.0/24",London,"United Kingdom","48.8722691","2.3335079","172.21.75.0","15 rue Taitbout",Medium,,"FR Server Farms","255.255.255.0",254,FR
"11111111.11111111.11111111.00000000","/24","172.21.76.0/24",London,"United Kingdom","48.8722691","2.3335079","172.21.76.0","15 rue Taitbout",Medium,,"FR Server Farms","255.255.255.0",254,FR
"11111111.11111111.11111111.00000000","/24","172.21.77.0/24",London,"United Kingdom","48.8722691","2.3335079","172.21.77.0","15 rue Taitbout",Medium,,"FR Server Farms","255.255.255.0",254,FR
"11111111.11111111.11111111.00000000","/24","172.21.78.0/24",London,"United Kingdom","48.8722691","2.3335079","172.21.78.0","15 rue Taitbout",Medium,,"FR Server Farms","255.255.255.0",254,FR
"11111111.11111111.11111111.00000000","/24","172.21.79.0/24",London,"United Kingdom","48.8722691","2.3335079","172.21.79.0","15 rue Taitbout",Medium,,"FR Server Farms","255.255.255.0",254,FR
"11111111.11111111.11111111.00000000","/24","172.21.8.0/24",London,"United Kingdom","39.9086276","116.4155","172.21.8.0","1 East Chang An Avenue",Medium,,"CN BACKBONE","255.255.255.0",254,CN
"11111111.11111111.11111111.00000000","/24","172.21.80.0/24",London,"United Kingdom","48.8722691","2.3335079","172.21.80.0","15 rue Taitbout",Medium,,"FR Server Farms","255.255.255.0",254,FR
"11111111.11111111.11111111.00000000","/24","172.21.81.0/24",London,"United Kingdom","48.8722691","2.3335079","172.21.81.0","15 rue Taitbout",Medium,,"FR Server Farms","255.255.255.0",254,FR
"11111111.11111111.11111111.00000000","/24","172.21.82.0/24",London,"United Kingdom","48.8722691","2.3335079","172.21.82.0","15 rue Taitbout",Critical,,"mgmt interfaces for switches","255.255.255.0",254,FR
"11111111.11111111.11111111.00000000","/24","172.21.83.0/24",London,"United Kingdom","48.8722691","2.3335079","172.21.83.0","15 rue Taitbout",Critical,,"mgmt interfaces for switches","255.255.255.0",254,FR
"11111111.11111111.11111111.00000000","/24","172.21.84.0/24",London,"United Kingdom","48.8722691","2.3335079","172.21.84.0","15 rue Taitbout",Medium,,"FR Server Farms","255.255.255.0",254,FR
"11111111.11111111.11111111.00000000","/24","172.21.85.0/24",London,"United Kingdom","48.8722691","2.3335079","172.21.85.0","15 rue Taitbout",Medium,,"FR Server Farms","255.255.255.0",254,FR
"11111111.11111111.11111111.00000000","/24","172.21.86.0/24",London,"United Kingdom","48.8722691","2.3335079","172.21.86.0","15 rue Taitbout",Critical,,"Security Vlan","255.255.255.0",254,FR
"11111111.11111111.11111111.00000000","/24","172.21.87.0/24",London,"United Kingdom","48.8722691","2.3335079","172.21.87.0","15 rue Taitbout",Critical,,"Security Vlan","255.255.255.0",254,FR
"11111111.11111111.11111111.00000000","/24","172.21.88.0/24",London,"United Kingdom","51.5196482","-0.1828441","172.21.88.0","3 Sheldon Square",Medium,,"Server Farms","255.255.255.0",254,UK
"11111111.11111111.11111111.00000000","/24","172.21.89.0/24",London,"United Kingdom","51.5196482","-0.1828441","172.21.89.0","3 Sheldon Square",Medium,,"Server Farms","255.255.255.0",254,UK
"11111111.11111111.11111111.00000000","/24","172.21.9.0/24",London,"United Kingdom","39.9086276","116.4155","172.21.9.0","1 East Chang An Avenue",Medium,,"CN BACKBONE","255.255.255.0",254,CN
"11111111.11111111.11111111.00000000","/24","172.21.90.0/24",London,"United Kingdom","51.5196482","-0.1828441","172.21.90.0","3 Sheldon Square",Medium,,"Server Farms","255.255.255.0",254,UK
"11111111.11111111.11111111.00000000","/24","172.21.91.0/24",London,"United Kingdom","51.5196482","-0.1828441","172.21.91.0","3 Sheldon Square",Medium,,"Server Farms","255.255.255.0",254,UK
"11111111.11111111.11111111.00000000","/24","172.21.92.0/24",London,"United Kingdom","51.5196482","-0.1828441","172.21.92.0","3 Sheldon Square",Medium,,"Server Farms","255.255.255.0",254,UK
"11111111.11111111.11111111.00000000","/24","172.21.93.0/24",London,"United Kingdom","51.5196482","-0.1828441","172.21.93.0","3 Sheldon Square",Medium,,"Server Farms","255.255.255.0",254,UK
"11111111.11111111.11111111.00000000","/24","172.21.94.0/24",London,"United Kingdom","51.5196482","-0.1828441","172.21.94.0","3 Sheldon Square",Medium,,"Server Farms","255.255.255.0",254,UK
"11111111.11111111.11111111.00000000","/24","172.21.95.0/24",London,"United Kingdom","51.5196482","-0.1828441","172.21.95.0","3 Sheldon Square",Medium,,"Server Farms","255.255.255.0",254,UK
"11111111.11111111.11111111.00000000","/24","172.21.96.0/24",London,"United Kingdom","51.5196482","-0.1828441","172.21.96.0","3 Sheldon Square",Medium,,"Server Farms","255.255.255.0",254,UK
"11111111.11111111.11111111.00000000","/24","172.21.97.0/24",London,"United Kingdom","51.5196482","-0.1828441","172.21.97.0","3 Sheldon Square",Medium,,"Server Farms","255.255.255.0",254,UK
"11111111.11111111.11111111.00000000","/24","172.21.98.0/24",London,"United Kingdom","51.5196482","-0.1828441","172.21.98.0","3 Sheldon Square",Medium,,"Server Farms","255.255.255.0",254,UK
"11111111.11111111.11111111.00000000","/24","172.21.99.0/24",London,"United Kingdom","51.5196482","-0.1828441","172.21.99.0","3 Sheldon Square",Medium,,"Server Farms","255.255.255.0",254,UK
"11111111.11111111.11111111.00000000","/24","172.28.107.0/24",London,"United Kingdom","47.6168229","-122.3318311","172.28.107.0","1730 Minor Avenue",Medium,,"WA Server Farms","255.255.255.0",254,WA
"11111111.11111111.11111111.00000000","/24","172.28.108.0/24",London,"United Kingdom","47.6168229","-122.3318311","172.28.108.0","1730 Minor Avenue",Medium,,"WA Server Farms","255.255.255.0",254,WA
"11111111.11111111.11111111.00000000","/24","172.28.109.0/24",London,"United Kingdom","47.6168229","-122.3318311","172.28.109.0","1730 Minor Avenue",Medium,,"WA Server Farms","255.255.255.0",254,WA
"11111111.11111111.11111111.00000000","/24","172.28.121.0/24",London,"United Kingdom","47.6168229","-122.3318311","172.28.121.0","1730 Minor Avenue",Medium,,"WA Server Farms","255.255.255.0",254,WA
"11111111.11111111.11111111.00000000","/24","172.28.21.0/24",London,"United Kingdom","47.6168229","-122.3318311","172.28.21.0","1730 Minor Avenue",Medium,,"WA Server Farms","255.255.255.0",254,WA
"11111111.11111111.11111111.00000000","/24","172.28.5.0/24",London,"United Kingdom","47.6168229","-122.3318311","172.28.5.0","1730 Minor Avenue",Medium,,"WA Server Farms","255.255.255.0",254,WA
"11111111.11111111.11111111.00000000","/24","172.28.6.0/24",London,"United Kingdom","47.6168229","-122.3318311","172.28.6.0","1730 Minor Avenue",Medium,,"WA Server Farms","255.255.255.0",254,WA
"11111111.11111111.11111111.00000000","/24","172.28.7.0/24",London,"United Kingdom","47.6168229","-122.3318311","172.28.7.0","1730 Minor Avenue",Medium,,"WA Server Farms","255.255.255.0",254,WA
"11111111.11111111.11111110.00000000","/23","10.50.126.0/23","San Francisco","United States","37.7830522","-122.3932187","10.50.126.0","250 Brannan",Medium,,"HQ BACKBONE","255.255.254.0",510,HQ
"11111111.11111111.11111110.00000000","/23","10.50.90.0/23","San Francisco","United States","37.7830522","-122.3932187","10.50.90.0","250 Brannan",Medium,,"HQ BACKBONE","255.255.254.0",510,HQ
