zone,physical_address,segment,network,subnet_mask,remarks,lat,lon,priority,city,country
TX,5360 Legacy Place,TX Server Farms,10.1.1.0,255.255.255.0,,33.0742362,-96.811603,Medium,San Francisco,United States
TX,5360 Legacy Place,TX Server Farms,10.1.2.0,255.255.255.0,,33.0742362,-96.811603,Medium,San Francisco,United States
TX,5360 Legacy Place,mgmt interfaces for switches,10.24.110.0,255.255.255.0,,33.0742362,-96.811603,Critical,San Francisco,United States
HQ,250 Brannan,SSL VPN,10.50.10.0,255.255.255.0,,37.7830522,-122.3932187,High,San Francisco,United States
HQ,250 Brannan,SSL VPN,10.50.11.0,255.255.255.0,,37.7830522,-122.3932187,High,San Francisco,United States
HQ,250 Brannan,HQ BACKBONE,10.50.126.0,255.255.254.0,,37.7830522,-122.3932187,Medium,San Francisco,United States
HQ,250 Brannan,HQ BACKBONE,10.50.126.0,255.255.255.0,,37.7830522,-122.3932187,Medium,San Francisco,United States
HQ,250 Brannan,HQ BACKBONE,10.50.127.0,255.255.255.0,,37.7830522,-122.3932187,Medium,San Francisco,United States
HQ,250 Brannan,HQ BACKBONE,10.50.128.0,255.255.255.0,,37.7830522,-122.3932187,Medium,San Francisco,United States
HQ,250 Brannan,HQ BACKBONE,10.50.129.0,255.255.255.0,,37.7830522,-122.3932187,Medium,San Francisco,United States
HQ,250 Brannan,HQ BACKBONE,10.50.130.0,255.255.255.0,,37.7830522,-122.3932187,Medium,San Francisco,United States
HQ,250 Brannan,HQ BACKBONE,10.50.131.0,255.255.255.0,,37.7830522,-122.3932187,Medium,San Francisco,United States
HQ,250 Brannan,HQ BACKBONE,10.50.132.0,255.255.255.0,,37.7830522,-122.3932187,Medium,San Francisco,United States
HQ,250 Brannan,HQ BACKBONE,10.50.133.0,255.255.255.0,,37.7830522,-122.3932187,Medium,San Francisco,United States
HQ,250 Brannan,HQ BACKBONE,10.50.136.192,255.255.255.252,,37.7830522,-122.3932187,Medium,San Francisco,United States
HQ,250 Brannan,DMZ,10.50.18.0,255.255.255.0,,37.7830522,-122.3932187,Low,San Francisco,United States
HQ,250 Brannan,DMZ,10.50.19.0,255.255.255.0,,37.7830522,-122.3932187,Low,San Francisco,United States
HQ,250 Brannan,HQ Server Farms,10.50.24.0,255.255.255.0,,37.7830522,-122.3932187,Medium,San Francisco,United States
HQ,250 Brannan,HQ Server Farms,10.50.25.0,255.255.255.0,,37.7830522,-122.3932187,Medium,San Francisco,United States
HQ,250 Brannan,HQ Server Farms,10.50.48.0,255.255.255.0,,37.7830522,-122.3932187,Medium,San Francisco,United States
HQ,250 Brannan,HQ Server Farms,10.50.49.0,255.255.255.0,,37.7830522,-122.3932187,Medium,San Francisco,United States
HQ,250 Brannan,HQ Server Farms,10.50.54.0,255.255.255.0,,37.7830522,-122.3932187,Medium,San Francisco,United States
HQ,250 Brannan,HQ Server Farms,10.50.55.0,255.255.255.0,,37.7830522,-122.3932187,Medium,San Francisco,United States
HQ,250 Brannan,HQ Server Farms,10.50.60.0,255.255.255.0,,37.7830522,-122.3932187,Medium,San Francisco,United States
HQ,250 Brannan,HQ Server Farms,10.50.61.0,255.255.255.0,,37.7830522,-122.3932187,Medium,San Francisco,United States
HQ,250 Brannan,HQ Server Farms,10.50.72.0,255.255.255.0,,37.7830522,-122.3932187,Medium,San Francisco,United States
HQ,250 Brannan,HQ Server Farms,10.50.73.0,255.255.255.0,,37.7830522,-122.3932187,Medium,San Francisco,United States
HQ,250 Brannan,HQ Server Farms,10.50.74.0,255.255.255.0,,37.7830522,-122.3932187,Medium,San Francisco,United States
HQ,250 Brannan,HQ Server Farms,10.50.75.0,255.255.255.0,,37.7830522,-122.3932187,Medium,San Francisco,United States
HQ,250 Brannan,HQ BACKBONE,10.50.76.0,255.255.255.0,,37.7830522,-122.3932187,Medium,San Francisco,United States
HQ,250 Brannan,HQ BACKBONE,10.50.78.0,255.255.255.0,,37.7830522,-122.3932187,Medium,San Francisco,United States
HQ,250 Brannan,HQ BACKBONE,10.50.79.0,255.255.255.0,,37.7830522,-122.3932187,Medium,San Francisco,United States
HQ,250 Brannan,HQ BACKBONE,10.50.90.0,255.255.254.0,,37.7830522,-122.3932187,Medium,San Francisco,United States
HQ,250 Brannan,HQ BACKBONE,10.50.90.0,255.255.255.0,,37.7830522,-122.3932187,Medium,San Francisco,United States
HQ,250 Brannan,HQ BACKBONE,10.50.91.0,255.255.255.0,,37.7830522,-122.3932187,Medium,San Francisco,United States
HQ,250 Brannan,HQ BACKBONE,10.50.96.0,255.255.255.0,,37.7830522,-122.3932187,Medium,McLean,United States
HQ,250 Brannan,HQ BACKBONE,10.50.97.0,255.255.255.0,,37.7830522,-122.3932187,Medium,McLean,United States
HQ,250 Brannan,HQ BACKBONE,10.50.99.0,255.255.255.0,,37.7830522,-122.3932187,Medium,McLean,United States
DC,7900 Tysons One Place,DC Server Farms,10.51.127.28,255.255.255.252,,38.9195157,-77.2195776,Medium,McLean,United States
DC,7900 Tysons One Place,DC BACKBONE,10.51.225.0,255.255.255.128,,38.9195157,-77.2195776,Medium,McLean,United States
DC,7900 Tysons One Place,DC Server Farms,10.51.255.4,255.255.255.252,,38.9195157,-77.2195776,Medium,McLean,United States
DC,7900 Tysons One Place,DC Server Farms,10.51.54.0,255.255.255.0,,38.9195157,-77.2195776,Medium,McLean,United States
DC,7900 Tysons One Place,DC Server Farms,10.51.98.53,255.255.255.0,,38.9195157,-77.2195776,Medium,McLean,United States
DC,7900 Tysons One Place,DC Server Farms,10.52.1.0,255.255.255.0,,38.9195157,-77.2195776,Medium,McLean,United States
DC,7900 Tysons One Place,DC Server Farms,10.52.1.103,255.255.255.0,,38.9195157,-77.2195776,Medium,McLean,United States
DC,7900 Tysons One Place,DC Server Farms,10.52.1.94,255.255.255.0,,38.9195157,-77.2195776,Medium,McLean,United States
DC,7900 Tysons One Place,DC BACKBONE,10.52.11.0,255.255.255.0,,38.9195157,-77.2195776,Medium,McLean,United States
DC,7900 Tysons One Place,DC BACKBONE,10.52.14.0,255.255.255.0,,38.9195157,-77.2195776,Medium,McLean,United States
DC,7900 Tysons One Place,DC BACKBONE,10.52.16.0,255.255.255.0,,38.9195157,-77.2195776,Medium,McLean,United States
DC,7900 Tysons One Place,DC BACKBONE,10.52.17.0,255.255.255.0,,38.9195157,-77.2195776,Medium,McLean,United States
DC,7900 Tysons One Place,DC BACKBONE,10.52.18.0,255.255.255.0,,38.9195157,-77.2195776,Medium,McLean,United States
DC,7900 Tysons One Place,DC Server Farms,10.52.2.0,255.255.255.0,,38.9195157,-77.2195776,Medium,McLean,United States
DC,7900 Tysons One Place,DC BACKBONE,10.52.20.0,255.255.255.0,,38.9195157,-77.2195776,Medium,McLean,United States
DC,7900 Tysons One Place,DC BACKBONE,10.52.24.0,255.255.255.0,,38.9195157,-77.2195776,Medium,McLean,United States
DC,7900 Tysons One Place,DC BACKBONE,10.52.25.0,255.255.255.192,,38.9195157,-77.2195776,Medium,McLean,United States
DC,7900 Tysons One Place,DC BACKBONE,10.52.27.0,255.255.255.0,,38.9195157,-77.2195776,Medium,McLean,United States
DC,7900 Tysons One Place,DC Server Farms,10.52.3.0,255.255.255.0,,38.9195157,-77.2195776,Medium,McLean,United States
DC,7900 Tysons One Place,DC BACKBONE,10.52.4.0,255.255.255.0,,38.9195157,-77.2195776,Medium,McLean,United States
DC,7900 Tysons One Place,mgmt interfaces for switches,10.52.50.0,255.255.255.0,,38.9195157,-77.2195776,Critical,McLean,United States
DC,7900 Tysons One Place,DC BACKBONE,10.52.7.0,255.255.255.0,,38.9195157,-77.2195776,Medium,Plano,United States
DC,7900 Tysons One Place,DC BACKBONE,10.52.8.0,255.255.255.0,,38.9195157,-77.2195776,Medium,Plano,United States
DC,7900 Tysons One Place,DC BACKBONE,10.52.9.0,255.255.255.0,,38.9195157,-77.2195776,Medium,Plano,United States
TX,5360 Legacy Place,TX Server Farms,10.8.33.0,255.255.255.0,,33.0742362,-96.811603,Medium,Plano,United States
TX,5360 Legacy Place,TX Server Farms,10.8.33.12,255.255.255.255,,33.0742362,-96.811603,Medium,Plano,United States
TX,5360 Legacy Place,TX Server Farms,10.8.33.13,255.255.255.255,,33.0742362,-96.811603,Medium,Plano,United States
TX,5360 Legacy Place,SSL VPN,10.8.34.0,255.255.255.0,,33.0742362,-96.811603,High,Plano,United States
TX,5360 Legacy Place,SSL VPN,10.8.37.0,255.255.255.0,,33.0742362,-96.811603,High,Plano,United States
TX,5360 Legacy Place,SSL VPN,10.8.45.0,255.255.255.0,,33.0742362,-96.811603,High,Plano,United States
TX,5360 Legacy Place,TX Server Farms,10.8.52.0,255.255.255.0,,33.0742362,-96.811603,Medium,Plano,United States
TX,5360 Legacy Place,TX Server Farms,10.8.56.0,255.255.255.0,,33.0742362,-96.811603,Medium,Plano,United States
TX,5360 Legacy Place,SSL VPN,10.8.57.0,255.255.255.0,,33.0742362,-96.811603,High,Plano,United States
TX,5360 Legacy Place,DMZ,10.8.58.0,255.255.255.0,,33.0742362,-96.811603,Low,Plano,United States
TX,5360 Legacy Place,TX Server Farms,10.8.59.0,255.255.255.0,,33.0742362,-96.811603,Medium,Plano,United States
TX,5360 Legacy Place,TX Server Farms,10.8.62.0,255.255.255.252,,33.0742362,-96.811603,Medium,Plano,United States
TX,5360 Legacy Place,TX Server Farms,10.8.8.0,255.255.255.0,,33.0742362,-96.811603,Medium,Plano,United States
TX,5360 Legacy Place,TX Server Farms,10.8.85.0,255.255.255.0,,33.0742362,-96.811603,Medium,Plano,United States
TX,5360 Legacy Place,TX Server Farms,10.8.86.0,255.255.255.0,,33.0742362,-96.811603,Medium,Plano,United States
TX,5360 Legacy Place,Security Vlan,10.9.106.0,255.255.255.0,,33.0742362,-96.811603,Critical,Plano,United States
TX,5360 Legacy Place,Security Vlan,10.9.110.0,255.255.255.0,,33.0742362,-96.811603,Critical,Plano,United States
TX,5360 Legacy Place,TX Server Farms,10.9.12.0,255.255.255.0,,33.0742362,-96.811603,Medium,Plano,United States
TX,5360 Legacy Place,TX BACKBONE,10.9.173.0,255.255.255.0,,33.0742362,-96.811603,Medium,Plano,United States
TX,5360 Legacy Place,TX BACKBONE,10.9.176.0,255.255.255.0,,33.0742362,-96.811603,Medium,Plano,United States
TX,5360 Legacy Place,TX BACKBONE,10.9.177.0,255.255.255.0,,33.0742362,-96.811603,Medium,Plano,United States
TX,5360 Legacy Place,TX Server Farms,10.9.18.0,255.255.255.0,,33.0742362,-96.811603,Medium,Plano,United States
TX,5360 Legacy Place,TX BACKBONE,10.9.19.0,255.255.255.0,,33.0742362,-96.811603,Medium,Plano,United States
TX,5360 Legacy Place,TX BACKBONE,10.9.207.0,255.255.255.0,,33.0742362,-96.811603,Medium,Plano,United States
TX,5360 Legacy Place,TX BACKBONE,10.9.225.0,255.255.255.128,,33.0742362,-96.811603,Medium,Plano,United States
TX,5360 Legacy Place,TX Server Farms,10.9.23.0,255.255.255.0,,33.0742362,-96.811603,Medium,Plano,United States
TX,5360 Legacy Place,TX BACKBONE,10.9.23.0,255.255.255.0,,33.0742362,-96.811603,Medium,Plano,United States
TX,5360 Legacy Place,TX BACKBONE,10.9.24.0,255.255.255.0,,33.0742362,-96.811603,Medium,Plano,United States
TX,5360 Legacy Place,TX Server Farms,10.9.36.0,255.255.255.0,,33.0742362,-96.811603,Medium,Plano,United States
TX,5360 Legacy Place,TX BACKBONE,10.9.72.0,255.255.255.0,,33.0742362,-96.811603,Medium,Plano,United States
TX,5360 Legacy Place,TX BACKBONE,10.9.73.0,255.255.255.0,,33.0742362,-96.811603,Medium,Plano,United States
TX,5360 Legacy Place,TX BACKBONE,10.9.74.0,255.255.255.192,,33.0742362,-96.811603,Medium,Plano,United States
TX,5360 Legacy Place,TX BACKBONE,10.9.75.0,255.255.255.0,,33.0742362,-96.811603,Medium,Plano,United States
TX,5360 Legacy Place,TX BACKBONE,10.9.76.0,255.255.255.0,,33.0742362,-96.811603,Medium,Plano,United States
TX,5360 Legacy Place,TX BACKBONE,10.9.77.0,255.255.255.0,,33.0742362,-96.811603,Medium,Plano,United States
TX,5360 Legacy Place,TX BACKBONE,10.9.78.0,255.255.255.0,,33.0742362,-96.811603,Medium,Plano,United States
TX,5360 Legacy Place,TX BACKBONE,10.9.79.0,255.255.255.192,,33.0742362,-96.811603,Medium,Plano,United States
TX,5360 Legacy Place,TX BACKBONE,10.9.80.0,255.255.255.0,,33.0742362,-96.811603,Medium,Plano,United States
TX,5360 Legacy Place,TX BACKBONE,10.9.81.0,255.255.255.0,,33.0742362,-96.811603,Medium,Plano,United States
TX,5360 Legacy Place,TX BACKBONE,10.9.82.0,255.255.255.0,,33.0742362,-96.811603,Medium,Plano,United States
TX,5360 Legacy Place,TX BACKBONE,10.9.83.0,255.255.255.0,,33.0742362,-96.811603,Medium,Plano,United States
TX,5360 Legacy Place,TX Server Farms,10.9.91.0,255.255.255.0,,33.0742362,-96.811603,Medium,Plano,United States
TX,5360 Legacy Place,TX Server Farms,10.9.95.0,255.255.255.0,,33.0742362,-96.811603,Medium,Plano,United States
CN,1 East Chang An Avenue,DMZ,172.21.0.0,255.255.255.0,,39.9086276,116.4155,Low,Seattle,United States
CN,1 East Chang An Avenue,DMZ,172.21.1.0,255.255.255.0,,39.9086276,116.4155,Low,Seattle,United States
CN,1 East Chang An Avenue,CN BACKBONE,172.21.10.0,255.255.255.0,,39.9086276,116.4155,Medium,Seattle,United States
UK,3 Sheldon Square,Server Farms,172.21.100.0,255.255.255.0,,51.5196482,-0.1828441,Medium,Seattle,United States
UK,3 Sheldon Square,Server Farms,172.21.101.0,255.255.255.0,,51.5196482,-0.1828441,Medium,Seattle,United States
UK,3 Sheldon Square,Server Farms,172.21.102.0,255.255.255.0,,51.5196482,-0.1828441,Medium,Seattle,United States
UK,3 Sheldon Square,Server Farms,172.21.103.0,255.255.255.0,,51.5196482,-0.1828441,Medium,Seattle,United States
UK,3 Sheldon Square,Server Farms,172.21.104.0,255.255.255.0,,51.5196482,-0.1828441,Medium,Seattle,United States
UK,3 Sheldon Square,Firewalls,172.21.105.0,255.255.255.0,,51.5196482,-0.1828441,High,Beijing,China
UK,3 Sheldon Square,Firewalls,172.21.106.0,255.255.255.0,,51.5196482,-0.1828441,High,Beijing,China
UK,3 Sheldon Square,UK Server Farm,172.21.107.0,255.255.255.0,,51.5196482,-0.1828441,Medium,Beijing,China
UK,3 Sheldon Square,UK Server Farm,172.21.108.0,255.255.255.0,,51.5196482,-0.1828441,Medium,Beijing,China
UK,3 Sheldon Square,UK Server Farm,172.21.109.0,255.255.255.0,,51.5196482,-0.1828441,Medium,Beijing,China
CN,1 East Chang An Avenue,CN BACKBONE,172.21.11.0,255.255.255.0,,39.9086276,116.4155,Medium,Beijing,China
UK,3 Sheldon Square,UK Server Farm,172.21.110.0,255.255.255.0,,51.5196482,-0.1828441,Medium,Beijing,China
UK,3 Sheldon Square,UK Server Farm,172.21.111.0,255.255.255.0,,51.5196482,-0.1828441,Medium,Beijing,China
UK,3 Sheldon Square,UK Server Farm,172.21.112.0,255.255.255.0,,51.5196482,-0.1828441,Medium,Beijing,China
UK,3 Sheldon Square,UK Server Farm,172.21.113.0,255.255.255.0,,51.5196482,-0.1828441,Medium,Beijing,China
UK,3 Sheldon Square,UK Server Farm,172.21.114.0,255.255.255.0,,51.5196482,-0.1828441,Medium,Beijing,China
UK,3 Sheldon Square,UK Server Farm,172.21.115.0,255.255.255.0,,51.5196482,-0.1828441,Medium,Beijing,China
UK,3 Sheldon Square,UK Server Farm,172.21.116.0,255.255.255.0,,51.5196482,-0.1828441,Medium,Beijing,China
UK,3 Sheldon Square,UK Server Farm,172.21.117.0,255.255.255.0,,51.5196482,-0.1828441,Medium,Beijing,China
UK,3 Sheldon Square,UK Server Farm,172.21.118.0,255.255.255.0,,51.5196482,-0.1828441,Medium,Beijing,China
UK,3 Sheldon Square,UK Server Farm,172.21.119.0,255.255.255.0,,51.5196482,-0.1828441,Medium,Beijing,China
CN,1 East Chang An Avenue,CN BACKBONE,172.21.12.0,255.255.255.0,,39.9086276,116.4155,Medium,Beijing,China
UK,3 Sheldon Square,UK Server Farm,172.21.120.0,255.255.255.0,,51.5196482,-0.1828441,Medium,Beijing,China
UK,3 Sheldon Square,UK Server Farm,172.21.121.0,255.255.255.0,,51.5196482,-0.1828441,Medium,Beijing,China
UK,3 Sheldon Square,UK Server Farm,172.21.122.0,255.255.255.0,,51.5196482,-0.1828441,Medium,Beijing,China
UK,3 Sheldon Square,UK Server Farm,172.21.123.0,255.255.255.0,,51.5196482,-0.1828441,Medium,Beijing,China
UK,3 Sheldon Square,UK Server Farm,172.21.124.0,255.255.255.0,,51.5196482,-0.1828441,Medium,Beijing,China
UK,3 Sheldon Square,UK Server Farm,172.21.125.0,255.255.255.0,,51.5196482,-0.1828441,Medium,Beijing,China
UK,3 Sheldon Square,UK Server Farm,172.21.126.0,255.255.255.0,,51.5196482,-0.1828441,Medium,Beijing,China
UK,3 Sheldon Square,UK Server Farm,172.21.127.0,255.255.255.0,,51.5196482,-0.1828441,Medium,Beijing,China
UK,3 Sheldon Square,UK Server Farm,172.21.128.0,255.255.255.0,,51.5196482,-0.1828441,Medium,Beijing,China
UK,3 Sheldon Square,UK Server Farm,172.21.129.0,255.255.255.0,,51.5196482,-0.1828441,Medium,Beijing,China
CN,1 East Chang An Avenue,CN BACKBONE,172.21.13.0,255.255.255.0,,39.9086276,116.4155,Medium,Beijing,China
UK,3 Sheldon Square,UK Server Farm,172.21.130.0,255.255.255.0,,51.5196482,-0.1828441,Medium,Beijing,China
UK,3 Sheldon Square,UK Server Farm,172.21.131.0,255.255.255.0,,51.5196482,-0.1828441,Medium,Beijing,China
UK,3 Sheldon Square,UK Server Farm,172.21.132.0,255.255.255.0,,51.5196482,-0.1828441,Medium,Beijing,China
UK,3 Sheldon Square,UK Server Farm,172.21.133.0,255.255.255.0,,51.5196482,-0.1828441,Medium,Beijing,China
UK,3 Sheldon Square,UK Server Farm,172.21.134.0,255.255.255.0,,51.5196482,-0.1828441,Medium,Paris,France
UK,3 Sheldon Square,UK Server Farm,172.21.135.0,255.255.255.0,,51.5196482,-0.1828441,Medium,Paris,France
UK,3 Sheldon Square,UK Server Farm,172.21.136.0,255.255.255.0,,51.5196482,-0.1828441,Medium,Paris,France
UK,3 Sheldon Square,UK Server Farm,172.21.137.0,255.255.255.0,,51.5196482,-0.1828441,Medium,Paris,France
UK,3 Sheldon Square,UK Server Farm,172.21.138.0,255.255.255.0,,51.5196482,-0.1828441,Medium,Paris,France
UK,3 Sheldon Square,UK Server Farm,172.21.139.0,255.255.255.0,,51.5196482,-0.1828441,Medium,Paris,France
CN,1 East Chang An Avenue,CN BACKBONE,172.21.14.0,255.255.255.0,,39.9086276,116.4155,Medium,Paris,France
UK,3 Sheldon Square,DMZ,172.21.140.0,255.255.255.0,,51.5196482,-0.1828441,Low,Paris,France
UK,3 Sheldon Square,DMZ,172.21.141.0,255.255.255.0,,51.5196482,-0.1828441,Low,Paris,France
UK,3 Sheldon Square,SSL VPN,172.21.142.0,255.255.255.0,,51.5196482,-0.1828441,High,Paris,France
UK,3 Sheldon Square,SSL VPN,172.21.143.0,255.255.255.0,,51.5196482,-0.1828441,High,Paris,France
UK,3 Sheldon Square,UK BACKBONE,172.21.144.0,255.255.255.0,,51.5196482,-0.1828441,Medium,Paris,France
UK,3 Sheldon Square,UK BACKBONE,172.21.145.0,255.255.255.0,,51.5196482,-0.1828441,Medium,Paris,France
UK,3 Sheldon Square,UK BACKBONE,172.21.146.0,255.255.255.0,,51.5196482,-0.1828441,Medium,Paris,France
UK,3 Sheldon Square,UK BACKBONE,172.21.147.0,255.255.255.0,,51.5196482,-0.1828441,Medium,Paris,France
UK,3 Sheldon Square,UK BACKBONE,172.21.148.0,255.255.255.0,,51.5196482,-0.1828441,Medium,Paris,France
UK,3 Sheldon Square,UK BACKBONE,172.21.149.0,255.255.255.0,,51.5196482,-0.1828441,Medium,Paris,France
CN,1 East Chang An Avenue,CN BACKBONE,172.21.15.0,255.255.255.0,,39.9086276,116.4155,Medium,Paris,France
UK,3 Sheldon Square,UK BACKBONE,172.21.150.0,255.255.255.0,,51.5196482,-0.1828441,Medium,Paris,France
UK,3 Sheldon Square,UK BACKBONE,172.21.151.0,255.255.255.0,,51.5196482,-0.1828441,Medium,Paris,France
UK,3 Sheldon Square,UK BACKBONE,172.21.152.0,255.255.255.0,,51.5196482,-0.1828441,Medium,Paris,France
UK,3 Sheldon Square,UK BACKBONE,172.21.153.0,255.255.255.0,,51.5196482,-0.1828441,Medium,Paris,France
UK,3 Sheldon Square,UK BACKBONE,172.21.154.0,255.255.255.0,,51.5196482,-0.1828441,Medium,Paris,France
UK,3 Sheldon Square,UK BACKBONE,172.21.155.0,255.255.255.0,,51.5196482,-0.1828441,Medium,Paris,France
UK,3 Sheldon Square,UK BACKBONE,172.21.156.0,255.255.255.0,,51.5196482,-0.1828441,Medium,Paris,France
UK,3 Sheldon Square,UK BACKBONE,172.21.157.0,255.255.255.0,,51.5196482,-0.1828441,Medium,Paris,France
UK,3 Sheldon Square,UK BACKBONE,172.21.158.0,255.255.255.0,,51.5196482,-0.1828441,Medium,Paris,France
UK,3 Sheldon Square,UK BACKBONE,172.21.159.0,255.255.255.0,,51.5196482,-0.1828441,Medium,Paris,France
CN,1 East Chang An Avenue,CN BACKBONE,172.21.16.0,255.255.255.0,,39.9086276,116.4155,Medium,Paris,France
UK,3 Sheldon Square,UK BACKBONE,172.21.160.0,255.255.255.0,,51.5196482,-0.1828441,Medium,Paris,France
UK,3 Sheldon Square,UK BACKBONE,172.21.161.0,255.255.255.0,,51.5196482,-0.1828441,Medium,Paris,France
UK,3 Sheldon Square,UK BACKBONE,172.21.162.0,255.255.255.0,,51.5196482,-0.1828441,Medium,Paris,France
UK,3 Sheldon Square,UK BACKBONE,172.21.163.0,255.255.255.0,,51.5196482,-0.1828441,Medium,Paris,France
UK,3 Sheldon Square,UK BACKBONE,172.21.164.0,255.255.255.0,,51.5196482,-0.1828441,Medium,Paris,France
UK,3 Sheldon Square,UK BACKBONE,172.21.165.0,255.255.255.0,,51.5196482,-0.1828441,Medium,Paris,France
UK,3 Sheldon Square,UK BACKBONE,172.21.166.0,255.255.255.0,,51.5196482,-0.1828441,Medium,Paris,France
UK,3 Sheldon Square,UK BACKBONE,172.21.167.0,255.255.255.0,,51.5196482,-0.1828441,Medium,Paris,France
UK,3 Sheldon Square,UK BACKBONE,172.21.168.0,255.255.255.0,,51.5196482,-0.1828441,Medium,Paris,France
UK,3 Sheldon Square,UK BACKBONE,172.21.169.0,255.255.255.0,,51.5196482,-0.1828441,Medium,Paris,France
CN,1 East Chang An Avenue,CN BACKBONE,172.21.17.0,255.255.255.0,,39.9086276,116.4155,Medium,Paris,France
UK,3 Sheldon Square,UK BACKBONE,172.21.170.0,255.255.255.0,,51.5196482,-0.1828441,Medium,Paris,France
UK,3 Sheldon Square,UK BACKBONE,172.21.171.0,255.255.255.0,,51.5196482,-0.1828441,Medium,Paris,France
UK,3 Sheldon Square,UK BACKBONE,172.21.172.0,255.255.255.0,,51.5196482,-0.1828441,Medium,Paris,France
UK,3 Sheldon Square,UK BACKBONE,172.21.173.0,255.255.255.0,,51.5196482,-0.1828441,Medium,Paris,France
UK,3 Sheldon Square,UK BACKBONE,172.21.174.0,255.255.255.0,,51.5196482,-0.1828441,Medium,Paris,France
UK,3 Sheldon Square,UK BACKBONE,172.21.175.0,255.255.255.0,,51.5196482,-0.1828441,Medium,Paris,France
UK,3 Sheldon Square,UK BACKBONE,172.21.176.0,255.255.255.0,,51.5196482,-0.1828441,Medium,Paris,France
UK,3 Sheldon Square,UK BACKBONE,172.21.177.0,255.255.255.0,,51.5196482,-0.1828441,Medium,Paris,France
UK,3 Sheldon Square,UK BACKBONE,172.21.178.0,255.255.255.0,,51.5196482,-0.1828441,Medium,Paris,France
UK,3 Sheldon Square,UK BACKBONE,172.21.179.0,255.255.255.0,,51.5196482,-0.1828441,Medium,Paris,France
CN,1 East Chang An Avenue,CN Server Farms,172.21.18.0,255.255.255.0,,39.9086276,116.4155,Medium,Paris,France
UK,3 Sheldon Square,UK BACKBONE,172.21.180.0,255.255.255.0,,51.5196482,-0.1828441,Medium,Paris,France
UK,3 Sheldon Square,UK BACKBONE,172.21.181.0,255.255.255.0,,51.5196482,-0.1828441,Medium,Paris,France
UK,3 Sheldon Square,UK BACKBONE,172.21.182.0,255.255.255.0,,51.5196482,-0.1828441,Medium,Paris,France
UK,3 Sheldon Square,UK BACKBONE,172.21.183.0,255.255.255.0,,51.5196482,-0.1828441,Medium,Paris,France
UK,3 Sheldon Square,UK BACKBONE,172.21.184.0,255.255.255.0,,51.5196482,-0.1828441,Medium,Paris,France
UK,3 Sheldon Square,UK BACKBONE,172.21.185.0,255.255.255.0,,51.5196482,-0.1828441,Medium,London,United Kingdom
UK,3 Sheldon Square,UK BACKBONE,172.21.186.0,255.255.255.0,,51.5196482,-0.1828441,Medium,London,United Kingdom
UK,3 Sheldon Square,UK BACKBONE,172.21.187.0,255.255.255.0,,51.5196482,-0.1828441,Medium,London,United Kingdom
UK,3 Sheldon Square,UK BACKBONE,172.21.188.0,255.255.255.0,,51.5196482,-0.1828441,Medium,London,United Kingdom
UK,3 Sheldon Square,UK BACKBONE,172.21.189.0,255.255.255.0,,51.5196482,-0.1828441,Medium,London,United Kingdom
CN,1 East Chang An Avenue,CN Server Farms,172.21.19.0,255.255.255.0,,39.9086276,116.4155,Medium,London,United Kingdom
UK,3 Sheldon Square,mgmt interfaces for switches,172.21.190.0,255.255.255.0,,51.5196482,-0.1828441,Critical,London,United Kingdom
UK,3 Sheldon Square,mgmt interfaces for switches,172.21.191.0,255.255.255.0,,51.5196482,-0.1828441,Critical,London,United Kingdom
UK,3 Sheldon Square,Security Vlan,172.21.192.0,255.255.255.0,,51.5196482,-0.1828441,Critical,London,United Kingdom
UK,3 Sheldon Square,Security Vlan,172.21.193.0,255.255.255.0,,51.5196482,-0.1828441,Critical,London,United Kingdom
CN,1 East Chang An Avenue,CN BACKBONE,172.21.2.0,255.255.255.0,,39.9086276,116.4155,Medium,London,United Kingdom
CN,1 East Chang An Avenue,CN Server Farms,172.21.20.0,255.255.255.0,,39.9086276,116.4155,Medium,London,United Kingdom
CN,1 East Chang An Avenue,CN Server Farms,172.21.21.0,255.255.255.0,,39.9086276,116.4155,Medium,London,United Kingdom
CN,1 East Chang An Avenue,CN Server Farms,172.21.22.0,255.255.255.0,,39.9086276,116.4155,Medium,London,United Kingdom
CN,1 East Chang An Avenue,CN Server Farms,172.21.23.0,255.255.255.0,,39.9086276,116.4155,Medium,London,United Kingdom
CN,1 East Chang An Avenue,CN Server Farms,172.21.24.0,255.255.255.0,,39.9086276,116.4155,Medium,London,United Kingdom
CN,1 East Chang An Avenue,CN Server Farms,172.21.25.0,255.255.255.0,,39.9086276,116.4155,Medium,London,United Kingdom
CN,1 East Chang An Avenue,CN Server Farms,172.21.26.0,255.255.255.0,,39.9086276,116.4155,Medium,London,United Kingdom
CN,1 East Chang An Avenue,CN Server Farms,172.21.27.0,255.255.255.0,,39.9086276,116.4155,Medium,London,United Kingdom
CN,1 East Chang An Avenue,CN Server Farms,172.21.28.0,255.255.255.0,,39.9086276,116.4155,Medium,London,United Kingdom
CN,1 East Chang An Avenue,mgmt interfaces for switches,172.21.29.0,255.255.255.0,,39.9086276,116.4155,Critical,London,United Kingdom
CN,1 East Chang An Avenue,CN BACKBONE,172.21.3.0,255.255.255.0,,39.9086276,116.4155,Medium,London,United Kingdom
CN,1 East Chang An Avenue,CN Server Farms,172.21.30.0,255.255.255.0,,39.9086276,116.4155,Medium,London,United Kingdom
CN,1 East Chang An Avenue,CN Server Farms,172.21.31.0,255.255.255.0,,39.9086276,116.4155,Medium,London,United Kingdom
FR,15 rue Taitbout,DMZ,172.21.32.0,255.255.255.0,,48.8722691,2.3335079,Low,London,United Kingdom
FR,15 rue Taitbout,DMZ,172.21.33.0,255.255.255.0,,48.8722691,2.3335079,Low,London,United Kingdom
FR,15 rue Taitbout,FR BACKBONE,172.21.34.0,255.255.255.0,,48.8722691,2.3335079,Medium,London,United Kingdom
FR,15 rue Taitbout,FR BACKBONE,172.21.35.0,255.255.255.0,,48.8722691,2.3335079,Medium,London,United Kingdom
FR,15 rue Taitbout,FR BACKBONE,172.21.36.0,255.255.255.0,,48.8722691,2.3335079,Medium,London,United Kingdom
FR,15 rue Taitbout,FR BACKBONE,172.21.37.0,255.255.255.0,,48.8722691,2.3335079,Medium,London,United Kingdom
FR,15 rue Taitbout,FR BACKBONE,172.21.38.0,255.255.255.0,,48.8722691,2.3335079,Medium,London,United Kingdom
FR,15 rue Taitbout,FR BACKBONE,172.21.39.0,255.255.255.0,,48.8722691,2.3335079,Medium,London,United Kingdom
CN,1 East Chang An Avenue,CN BACKBONE,172.21.4.0,255.255.255.0,,39.9086276,116.4155,Medium,London,United Kingdom
FR,15 rue Taitbout,FR BACKBONE,172.21.40.0,255.255.255.0,,48.8722691,2.3335079,Medium,London,United Kingdom
FR,15 rue Taitbout,FR BACKBONE,172.21.41.0,255.255.255.0,,48.8722691,2.3335079,Medium,London,United Kingdom
FR,15 rue Taitbout,FR BACKBONE,172.21.42.0,255.255.255.0,,48.8722691,2.3335079,Medium,London,United Kingdom
FR,15 rue Taitbout,FR BACKBONE,172.21.43.0,255.255.255.0,,48.8722691,2.3335079,Medium,London,United Kingdom
FR,15 rue Taitbout,FR BACKBONE,172.21.44.0,255.255.255.0,,48.8722691,2.3335079,Medium,London,United Kingdom
FR,15 rue Taitbout,FR BACKBONE,172.21.45.0,255.255.255.0,,48.8722691,2.3335079,Medium,London,United Kingdom
FR,15 rue Taitbout,FR BACKBONE,172.21.46.0,255.255.255.0,,48.8722691,2.3335079,Medium,London,United Kingdom
FR,15 rue Taitbout,FR BACKBONE,172.21.47.0,255.255.255.0,,48.8722691,2.3335079,Medium,London,United Kingdom
FR,15 rue Taitbout,FR BACKBONE,172.21.48.0,255.255.255.0,,48.8722691,2.3335079,Medium,London,United Kingdom
FR,15 rue Taitbout,FR BACKBONE,172.21.49.0,255.255.255.0,,48.8722691,2.3335079,Medium,London,United Kingdom
CN,1 East Chang An Avenue,CN BACKBONE,172.21.5.0,255.255.255.0,,39.9086276,116.4155,Medium,London,United Kingdom
FR,15 rue Taitbout,SSL VPN,172.21.50.0,255.255.255.0,,48.8722691,2.3335079,High,London,United Kingdom
FR,15 rue Taitbout,SSL VPN,172.21.51.0,255.255.255.0,,48.8722691,2.3335079,High,London,United Kingdom
FR,15 rue Taitbout,FR Server Farms,172.21.52.0,255.255.255.0,,48.8722691,2.3335079,Medium,London,United Kingdom
FR,15 rue Taitbout,FR Server Farms,172.21.53.0,255.255.255.0,,48.8722691,2.3335079,Medium,London,United Kingdom
FR,15 rue Taitbout,FR Server Farms,172.21.54.0,255.255.255.0,,48.8722691,2.3335079,Medium,London,United Kingdom
FR,15 rue Taitbout,FR Server Farms,172.21.55.0,255.255.255.0,,48.8722691,2.3335079,Medium,London,United Kingdom
FR,15 rue Taitbout,FR Server Farms,172.21.56.0,255.255.255.0,,48.8722691,2.3335079,Medium,London,United Kingdom
FR,15 rue Taitbout,FR Server Farms,172.21.57.0,255.255.255.0,,48.8722691,2.3335079,Medium,London,United Kingdom
FR,15 rue Taitbout,FR Server Farms,172.21.58.0,255.255.255.0,,48.8722691,2.3335079,Medium,London,United Kingdom
FR,15 rue Taitbout,FR Server Farms,172.21.59.0,255.255.255.0,,48.8722691,2.3335079,Medium,London,United Kingdom
CN,1 East Chang An Avenue,CN BACKBONE,172.21.6.0,255.255.255.0,,39.9086276,116.4155,Medium,London,United Kingdom
FR,15 rue Taitbout,FR Server Farms,172.21.60.0,255.255.255.0,,48.8722691,2.3335079,Medium,London,United Kingdom
FR,15 rue Taitbout,FR Server Farms,172.21.61.0,255.255.255.0,,48.8722691,2.3335079,Medium,London,United Kingdom
FR,15 rue Taitbout,FR Server Farms,172.21.62.0,255.255.255.0,,48.8722691,2.3335079,Medium,London,United Kingdom
FR,15 rue Taitbout,FR Server Farms,172.21.63.0,255.255.255.0,,48.8722691,2.3335079,Medium,London,United Kingdom
FR,15 rue Taitbout,FR Server Farms,172.21.64.0,255.255.255.0,,48.8722691,2.3335079,Medium,London,United Kingdom
FR,15 rue Taitbout,FR Server Farms,172.21.65.0,255.255.255.0,,48.8722691,2.3335079,Medium,London,United Kingdom
FR,15 rue Taitbout,FR Server Farms,172.21.66.0,255.255.255.0,,48.8722691,2.3335079,Medium,London,United Kingdom
FR,15 rue Taitbout,FR Server Farms,172.21.67.0,255.255.255.0,,48.8722691,2.3335079,Medium,London,United Kingdom
FR,15 rue Taitbout,FR Server Farms,172.21.68.0,255.255.255.0,,48.8722691,2.3335079,Medium,London,United Kingdom
FR,15 rue Taitbout,FR Server Farms,172.21.69.0,255.255.255.0,,48.8722691,2.3335079,Medium,London,United Kingdom
CN,1 East Chang An Avenue,CN BACKBONE,172.21.7.0,255.255.255.0,,39.9086276,116.4155,Medium,London,United Kingdom
FR,15 rue Taitbout,FR Server Farms,172.21.70.0,255.255.255.0,,48.8722691,2.3335079,Medium,London,United Kingdom
FR,15 rue Taitbout,FR Server Farms,172.21.71.0,255.255.255.0,,48.8722691,2.3335079,Medium,London,United Kingdom
FR,15 rue Taitbout,FR Server Farms,172.21.72.0,255.255.255.0,,48.8722691,2.3335079,Medium,London,United Kingdom
FR,15 rue Taitbout,FR Server Farms,172.21.73.0,255.255.255.0,,48.8722691,2.3335079,Medium,London,United Kingdom
FR,15 rue Taitbout,FR Server Farms,172.21.74.0,255.255.255.0,,48.8722691,2.3335079,Medium,London,United Kingdom
FR,15 rue Taitbout,FR Server Farms,172.21.75.0,255.255.255.0,,48.8722691,2.3335079,Medium,London,United Kingdom
FR,15 rue Taitbout,FR Server Farms,172.21.76.0,255.255.255.0,,48.8722691,2.3335079,Medium,London,United Kingdom
FR,15 rue Taitbout,FR Server Farms,172.21.77.0,255.255.255.0,,48.8722691,2.3335079,Medium,London,United Kingdom
FR,15 rue Taitbout,FR Server Farms,172.21.78.0,255.255.255.0,,48.8722691,2.3335079,Medium,London,United Kingdom
FR,15 rue Taitbout,FR Server Farms,172.21.79.0,255.255.255.0,,48.8722691,2.3335079,Medium,London,United Kingdom
CN,1 East Chang An Avenue,CN BACKBONE,172.21.8.0,255.255.255.0,,39.9086276,116.4155,Medium,London,United Kingdom
FR,15 rue Taitbout,FR Server Farms,172.21.80.0,255.255.255.0,,48.8722691,2.3335079,Medium,London,United Kingdom
FR,15 rue Taitbout,FR Server Farms,172.21.81.0,255.255.255.0,,48.8722691,2.3335079,Medium,London,United Kingdom
FR,15 rue Taitbout,mgmt interfaces for switches,172.21.82.0,255.255.255.0,,48.8722691,2.3335079,Critical,London,United Kingdom
FR,15 rue Taitbout,mgmt interfaces for switches,172.21.83.0,255.255.255.0,,48.8722691,2.3335079,Critical,London,United Kingdom
FR,15 rue Taitbout,FR Server Farms,172.21.84.0,255.255.255.0,,48.8722691,2.3335079,Medium,London,United Kingdom
FR,15 rue Taitbout,FR Server Farms,172.21.85.0,255.255.255.0,,48.8722691,2.3335079,Medium,London,United Kingdom
FR,15 rue Taitbout,Security Vlan,172.21.86.0,255.255.255.0,,48.8722691,2.3335079,Critical,London,United Kingdom
FR,15 rue Taitbout,Security Vlan,172.21.87.0,255.255.255.0,,48.8722691,2.3335079,Critical,London,United Kingdom
UK,3 Sheldon Square,Server Farms,172.21.88.0,255.255.255.0,,51.5196482,-0.1828441,Medium,London,United Kingdom
UK,3 Sheldon Square,Server Farms,172.21.89.0,255.255.255.0,,51.5196482,-0.1828441,Medium,London,United Kingdom
CN,1 East Chang An Avenue,CN BACKBONE,172.21.9.0,255.255.255.0,,39.9086276,116.4155,Medium,London,United Kingdom
UK,3 Sheldon Square,Server Farms,172.21.90.0,255.255.255.0,,51.5196482,-0.1828441,Medium,London,United Kingdom
UK,3 Sheldon Square,Server Farms,172.21.91.0,255.255.255.0,,51.5196482,-0.1828441,Medium,London,United Kingdom
UK,3 Sheldon Square,Server Farms,172.21.92.0,255.255.255.0,,51.5196482,-0.1828441,Medium,London,United Kingdom
UK,3 Sheldon Square,Server Farms,172.21.93.0,255.255.255.0,,51.5196482,-0.1828441,Medium,London,United Kingdom
UK,3 Sheldon Square,Server Farms,172.21.94.0,255.255.255.0,,51.5196482,-0.1828441,Medium,London,United Kingdom
UK,3 Sheldon Square,Server Farms,172.21.95.0,255.255.255.0,,51.5196482,-0.1828441,Medium,London,United Kingdom
UK,3 Sheldon Square,Server Farms,172.21.96.0,255.255.255.0,,51.5196482,-0.1828441,Medium,London,United Kingdom
UK,3 Sheldon Square,Server Farms,172.21.97.0,255.255.255.0,,51.5196482,-0.1828441,Medium,London,United Kingdom
UK,3 Sheldon Square,Server Farms,172.21.98.0,255.255.255.0,,51.5196482,-0.1828441,Medium,London,United Kingdom
UK,3 Sheldon Square,Server Farms,172.21.99.0,255.255.255.0,,51.5196482,-0.1828441,Medium,London,United Kingdom
WA,1730 Minor Avenue,WA Server Farms,172.28.107.0 ,255.255.255.0,,47.6168229,-122.3318311,Medium,London,United Kingdom
WA,1730 Minor Avenue,WA Server Farms,172.28.108.0 ,255.255.255.0,,47.6168229,-122.3318311,Medium,London,United Kingdom
WA,1730 Minor Avenue,WA Server Farms,172.28.109.0 ,255.255.255.0,,47.6168229,-122.3318311,Medium,London,United Kingdom
WA,1730 Minor Avenue,WA Server Farms,172.28.121.0 ,255.255.255.0,,47.6168229,-122.3318311,Medium,London,United Kingdom
WA,1730 Minor Avenue,WA Server Farms,172.28.21.0 ,255.255.255.0,,47.6168229,-122.3318311,Medium,London,United Kingdom
WA,1730 Minor Avenue,WA Server Farms,172.28.5.0 ,255.255.255.0,,47.6168229,-122.3318311,Medium,London,United Kingdom
WA,1730 Minor Avenue,WA Server Farms,172.28.6.0 ,255.255.255.0,,47.6168229,-122.3318311,Medium,London,United Kingdom
WA,1730 Minor Avenue,WA Server Farms,172.28.7.0 ,255.255.255.0,,47.6168229,-122.3318311,Medium,London,United Kingdom
